date,ticker,sector,open,high,low,close,volume
2023-11-23,TECHX,Technology,145.0,146.73,144.06,146.53,4739066
2023-11-24,TECHX,Technology,146.53,146.87,143.62,145.93,3811245
2023-11-27,TECHX,Technology,145.93,146.72,143.98,144.65,2762317
2023-11-28,TECHX,Technology,144.65,148.22,142.15,145.43,2602462
2023-11-29,TECHX,Technology,145.43,145.89,141.28,142.57,2000805
2023-11-30,TECHX,Technology,142.57,147.17,142.48,146.84,2128785
2023-12-01,TECHX,Technology,146.84,147.0,143.66,145.33,3612860
2023-12-04,TECHX,Technology,145.33,145.75,142.81,143.67,5093162
2023-12-05,TECHX,Technology,143.67,145.24,142.49,143.72,1906260
2023-12-06,TECHX,Technology,143.72,147.23,141.81,144.4,3298600
2023-12-07,TECHX,Technology,144.4,146.87,144.24,146.62,3064550
2023-12-08,TECHX,Technology,146.62,147.68,141.72,142.38,4867202
2023-12-11,TECHX,Technology,142.38,145.97,141.91,143.44,2812044
2023-12-12,TECHX,Technology,143.44,144.32,140.12,141.58,4235429
2023-12-13,TECHX,Technology,141.58,142.02,138.83,139.29,4380092
2023-12-14,TECHX,Technology,139.29,139.55,136.51,138.04,2061645
2023-12-15,TECHX,Technology,138.04,142.27,137.94,140.37,4429344
2023-12-18,TECHX,Technology,140.37,142.38,139.86,141.47,4658956
2023-12-19,TECHX,Technology,141.47,143.68,137.74,141.45,3743198
2023-12-20,TECHX,Technology,141.45,142.21,141.32,141.78,1233870
2023-12-21,TECHX,Technology,141.78,142.29,139.16,141.24,2610443
2023-12-22,TECHX,Technology,141.24,141.95,137.77,139.04,3706406
2023-12-25,TECHX,Technology,139.04,139.76,137.52,137.65,4181374
2023-12-26,TECHX,Technology,137.65,138.11,135.27,135.8,1863789
2023-12-27,TECHX,Technology,135.8,137.05,135.8,136.69,2934392
2023-12-28,TECHX,Technology,136.69,137.26,132.45,132.9,2782879
2023-12-29,TECHX,Technology,132.9,133.44,130.05,132.55,3223437
2024-01-01,TECHX,Technology,132.55,133.42,130.01,133.32,3113063
2024-01-02,TECHX,Technology,133.32,136.85,133.06,133.56,3318621
2024-01-03,TECHX,Technology,133.56,135.12,132.02,133.54,3679511
2024-01-04,TECHX,Technology,133.54,136.97,131.67,135.74,1966690
2024-01-05,TECHX,Technology,135.74,140.42,134.39,137.41,2736120
2024-01-08,TECHX,Technology,137.41,138.46,135.28,137.77,3125219
2024-01-09,TECHX,Technology,137.77,138.42,133.68,134.92,5120847
2024-01-10,TECHX,Technology,134.92,135.36,131.81,132.89,2120273
2024-01-11,TECHX,Technology,132.89,135.32,130.75,133.58,3296596
2024-01-12,TECHX,Technology,133.58,135.4,131.92,134.35,1895612
2024-01-15,TECHX,Technology,134.35,136.24,134.01,135.83,3604270
2024-01-16,TECHX,Technology,135.83,136.15,133.67,134.07,2602229
2024-01-17,TECHX,Technology,134.07,139.81,132.47,139.15,4680103
2024-01-18,TECHX,Technology,139.15,140.25,134.94,136.52,2603192
2024-01-19,TECHX,Technology,136.52,139.81,135.4,139.23,5455263
2024-01-22,TECHX,Technology,139.23,140.28,137.4,138.63,2343853
2024-01-23,TECHX,Technology,138.63,139.11,138.12,138.5,3772684
2024-01-24,TECHX,Technology,138.5,140.64,138.14,138.62,5485637
2024-01-25,TECHX,Technology,138.62,141.64,137.14,140.44,3794498
2024-01-26,TECHX,Technology,140.44,141.44,139.23,139.9,3025287
2024-01-29,TECHX,Technology,139.9,142.02,137.0,137.61,4263548
2024-01-30,TECHX,Technology,137.61,140.01,137.37,138.28,3477494
2024-01-31,TECHX,Technology,138.28,138.5,135.84,135.92,2240643
2024-02-01,TECHX,Technology,135.92,137.74,134.45,136.98,4193405
2024-02-02,TECHX,Technology,136.98,138.26,132.6,133.28,4208996
2024-02-05,TECHX,Technology,133.28,139.93,132.52,134.74,4372758
2024-02-06,TECHX,Technology,134.74,138.28,134.31,137.39,4262936
2024-02-07,TECHX,Technology,137.39,137.71,134.69,135.35,3439000
2024-02-08,TECHX,Technology,135.35,144.34,134.42,141.69,2129489
2024-02-09,TECHX,Technology,141.69,143.24,140.35,140.44,2173571
2024-02-12,TECHX,Technology,140.44,141.4,137.5,138.52,3545119
2024-02-13,TECHX,Technology,138.52,139.63,135.55,138.73,3613700
2024-02-14,TECHX,Technology,138.73,138.98,132.31,133.19,4969762
2024-02-15,TECHX,Technology,133.19,133.34,130.5,131.16,4240252
2024-02-16,TECHX,Technology,131.16,131.6,127.48,128.09,2863645
2024-02-19,TECHX,Technology,128.09,133.23,126.47,132.69,4925202
2024-02-20,TECHX,Technology,132.69,139.83,130.67,138.4,3447155
2024-02-21,TECHX,Technology,138.4,142.99,137.79,141.99,4464354
2024-02-22,TECHX,Technology,141.99,142.07,134.92,139.44,2376269
2024-02-23,TECHX,Technology,139.44,141.18,136.56,138.82,1773869
2024-02-26,TECHX,Technology,138.82,139.0,135.7,137.68,1819762
2024-02-27,TECHX,Technology,137.68,140.98,136.33,140.97,4068008
2024-02-28,TECHX,Technology,140.97,142.47,140.87,141.62,2750457
2024-02-29,TECHX,Technology,141.62,142.96,139.37,142.02,1929273
2024-03-01,TECHX,Technology,142.02,151.06,141.81,148.17,4750988
2024-03-04,TECHX,Technology,148.17,150.02,147.86,149.09,2683497
2024-03-05,TECHX,Technology,149.09,150.35,146.89,147.42,2589063
2024-03-06,TECHX,Technology,147.42,150.62,146.22,150.16,4097157
2024-03-07,TECHX,Technology,150.16,151.0,146.66,147.76,4003077
2024-03-08,TECHX,Technology,147.76,147.96,145.87,147.79,2471177
2024-03-11,TECHX,Technology,147.79,149.8,147.47,149.49,4357216
2024-03-12,TECHX,Technology,149.49,153.29,147.54,152.05,3432090
2024-03-13,TECHX,Technology,152.05,154.69,151.56,154.22,3211266
2024-03-14,TECHX,Technology,154.22,155.53,152.95,154.61,4982370
2024-03-15,TECHX,Technology,154.61,156.48,149.83,151.59,4292250
2024-03-18,TECHX,Technology,151.59,154.54,151.57,153.57,2421933
2024-03-19,TECHX,Technology,153.57,154.94,152.08,153.9,2916193
2024-03-20,TECHX,Technology,153.9,154.39,150.82,151.45,2809911
2024-03-21,TECHX,Technology,151.45,151.82,148.68,149.05,2866184
2024-03-22,TECHX,Technology,149.05,149.4,145.6,147.73,1855593
2024-03-25,TECHX,Technology,147.73,148.05,145.25,145.7,4804534
2024-03-26,TECHX,Technology,145.7,148.52,145.67,148.29,2395653
2024-03-27,TECHX,Technology,148.29,148.75,147.81,148.32,2259637
2024-03-28,TECHX,Technology,148.32,152.25,148.16,149.95,3657004
2024-03-29,TECHX,Technology,149.95,152.72,149.61,152.11,3358308
2024-04-01,TECHX,Technology,152.11,153.68,152.07,152.5,3518638
2024-04-02,TECHX,Technology,152.5,158.52,149.22,157.02,2856672
2024-04-03,TECHX,Technology,157.02,160.14,153.58,159.85,2600619
2024-04-04,TECHX,Technology,159.85,160.81,153.92,157.26,2854183
2024-04-05,TECHX,Technology,157.26,157.5,154.44,154.97,5235526
2024-04-08,TECHX,Technology,154.97,158.92,153.58,158.01,3982780
2024-04-09,TECHX,Technology,158.01,160.9,152.11,153.93,3109884
2024-04-10,TECHX,Technology,153.93,156.01,148.58,148.75,5221950
2024-04-11,TECHX,Technology,148.75,149.64,144.09,144.09,3803791
2024-04-12,TECHX,Technology,144.09,144.99,141.36,142.88,3064877
2024-04-15,TECHX,Technology,142.88,144.05,141.87,143.31,2035623
2024-04-16,TECHX,Technology,143.31,145.14,138.54,139.0,2886220
2024-04-17,TECHX,Technology,139.0,143.56,137.36,143.4,3835092
2024-04-18,TECHX,Technology,143.4,152.02,143.04,149.39,5170481
2024-04-19,TECHX,Technology,149.39,153.48,147.95,151.41,4008348
2024-04-22,TECHX,Technology,151.41,157.43,149.62,154.71,1367519
2024-04-23,TECHX,Technology,154.71,155.82,151.65,153.97,3184154
2024-04-24,TECHX,Technology,153.97,161.27,151.34,159.07,3732875
2024-04-25,TECHX,Technology,159.07,160.44,155.79,160.39,3113229
2024-04-26,TECHX,Technology,160.39,161.47,155.73,156.3,2593363
2024-04-29,TECHX,Technology,156.3,157.96,154.69,154.79,4158435
2024-04-30,TECHX,Technology,154.79,155.57,151.03,151.83,2636044
2024-05-01,TECHX,Technology,151.83,153.4,150.76,151.6,1945597
2024-05-02,TECHX,Technology,151.6,157.7,150.54,157.65,4211513
2024-05-03,TECHX,Technology,157.65,157.99,156.42,157.39,3730254
2024-05-06,TECHX,Technology,157.39,158.29,155.38,155.81,1002607
2024-05-07,TECHX,Technology,155.81,157.94,148.7,151.18,3435498
2024-05-08,TECHX,Technology,151.18,153.49,146.53,153.02,4396553
2024-05-09,TECHX,Technology,153.02,154.48,150.26,152.72,3232986
2024-05-10,TECHX,Technology,152.72,154.89,149.53,150.5,2262131
2024-05-13,TECHX,Technology,150.5,157.04,150.49,155.67,5522121
2024-05-14,TECHX,Technology,155.67,157.34,153.3,156.0,3544887
2024-05-15,TECHX,Technology,156.0,156.3,151.52,152.86,2038392
2024-05-16,TECHX,Technology,152.86,158.76,150.72,155.78,4043152
2024-05-17,TECHX,Technology,155.78,156.54,152.94,153.85,2443099
2024-05-20,TECHX,Technology,153.85,155.37,153.43,154.09,2991908
2024-05-21,TECHX,Technology,154.09,155.49,152.56,153.45,3802875
2024-05-22,TECHX,Technology,153.45,156.59,153.29,155.07,3988533
2024-05-23,TECHX,Technology,155.07,155.92,149.0,149.99,4435157
2024-05-24,TECHX,Technology,149.99,152.7,145.39,147.79,3400318
2024-05-27,TECHX,Technology,147.79,149.99,146.85,148.65,1574380
2024-05-28,TECHX,Technology,148.65,150.45,147.57,148.54,3060223
2024-05-29,TECHX,Technology,148.54,149.11,144.6,146.07,2810411
2024-05-30,TECHX,Technology,146.07,150.28,145.3,148.6,4892649
2024-05-31,TECHX,Technology,148.6,149.79,140.53,141.35,3917858
2024-06-03,TECHX,Technology,141.35,143.34,141.22,142.48,3043447
2024-06-04,TECHX,Technology,142.48,146.26,142.0,145.89,3133205
2024-06-05,TECHX,Technology,145.89,146.52,143.99,144.56,2813024
2024-06-06,TECHX,Technology,144.56,148.5,143.3,145.48,2845058
2024-06-07,TECHX,Technology,145.48,149.67,142.52,149.06,2504976
2024-06-10,TECHX,Technology,149.06,149.59,143.55,143.58,5836753
2024-06-11,TECHX,Technology,143.58,144.92,142.39,144.6,1067656
2024-06-12,TECHX,Technology,144.6,146.49,142.46,145.37,4200620
2024-06-13,TECHX,Technology,145.37,147.05,144.45,146.44,5340992
2024-06-14,TECHX,Technology,146.44,147.43,145.77,147.06,2310908
2024-06-17,TECHX,Technology,147.06,150.87,146.96,149.59,2923893
2024-06-18,TECHX,Technology,149.59,151.62,148.04,151.11,2747914
2024-06-19,TECHX,Technology,151.11,152.59,149.72,150.39,3467743
2024-06-20,TECHX,Technology,150.39,154.17,149.08,152.76,4751458
2024-06-21,TECHX,Technology,152.76,157.0,151.57,154.11,2013182
2024-06-24,TECHX,Technology,154.11,156.42,147.75,148.72,3775362
2024-06-25,TECHX,Technology,148.72,151.33,145.08,149.64,3270851
2024-06-26,TECHX,Technology,149.64,151.15,148.92,150.06,3272899
2024-06-27,TECHX,Technology,150.06,150.77,145.0,147.78,4723240
2024-06-28,TECHX,Technology,147.78,153.36,146.32,152.58,3636520
2024-07-01,TECHX,Technology,152.58,154.51,149.99,152.84,4436624
2024-07-02,TECHX,Technology,152.84,153.49,150.9,152.45,1541568
2024-07-03,TECHX,Technology,152.45,155.16,150.48,155.05,2084842
2024-07-04,TECHX,Technology,155.05,157.63,153.7,154.1,1727760
2024-07-05,TECHX,Technology,154.1,154.52,149.3,153.43,3053004
2024-07-08,TECHX,Technology,153.43,154.5,149.99,152.82,4142953
2024-07-09,TECHX,Technology,152.82,154.51,148.17,152.09,3170000
2024-07-10,TECHX,Technology,152.09,152.26,151.79,152.22,2890248
2024-07-11,TECHX,Technology,152.22,153.05,150.52,150.57,2729332
2024-07-12,TECHX,Technology,150.57,150.73,148.13,148.51,4829246
2024-07-15,TECHX,Technology,148.51,150.13,138.97,140.72,1609476
2024-07-16,TECHX,Technology,140.72,141.25,137.88,139.84,2415032
2024-07-17,TECHX,Technology,139.84,142.3,135.54,136.82,4860933
2024-07-18,TECHX,Technology,136.82,140.45,136.1,138.88,3854209
2024-07-19,TECHX,Technology,138.88,139.87,135.24,135.57,3170538
2024-07-22,TECHX,Technology,135.57,138.19,135.08,137.58,4522756
2024-07-23,TECHX,Technology,137.58,138.42,133.89,134.68,3179067
2024-07-24,TECHX,Technology,134.68,137.34,133.44,135.64,2995049
2024-07-25,TECHX,Technology,135.64,137.07,133.36,134.31,1868958
2024-07-26,TECHX,Technology,134.31,135.12,128.54,130.21,5697861
2024-07-29,TECHX,Technology,130.21,132.42,124.6,124.86,3869307
2024-07-30,TECHX,Technology,124.86,125.36,123.53,123.58,4321940
2024-07-31,TECHX,Technology,123.58,124.12,123.13,123.93,3016795
2024-08-01,TECHX,Technology,123.93,126.91,122.26,124.77,3867237
2024-08-02,TECHX,Technology,124.77,125.5,124.75,125.27,3419292
2024-08-05,TECHX,Technology,125.27,126.25,123.75,124.0,2292331
2024-08-06,TECHX,Technology,124.0,127.21,122.72,125.08,3665523
2024-08-07,TECHX,Technology,125.08,127.03,123.0,125.8,4092007
2024-08-08,TECHX,Technology,125.8,127.41,120.48,121.24,3899505
2024-08-09,TECHX,Technology,121.24,123.46,121.02,122.57,2523460
2024-08-12,TECHX,Technology,122.57,124.29,120.03,121.14,1949424
2024-08-13,TECHX,Technology,121.14,122.42,117.72,118.85,6181708
2024-08-14,TECHX,Technology,118.85,120.32,117.83,120.1,3934245
2024-08-15,TECHX,Technology,120.1,120.24,115.74,118.79,3167904
2024-08-16,TECHX,Technology,118.79,122.44,118.74,121.59,5460480
2024-08-19,TECHX,Technology,121.59,123.79,119.29,120.14,2731972
2024-08-20,TECHX,Technology,120.14,122.91,119.39,121.73,1754974
2024-08-21,TECHX,Technology,121.73,122.03,119.94,120.03,3955538
2024-08-22,TECHX,Technology,120.03,122.14,119.57,120.53,3667485
2024-08-23,TECHX,Technology,120.53,123.27,119.52,121.95,3735359
2024-08-26,TECHX,Technology,121.95,123.98,121.33,121.85,3207399
2024-08-27,TECHX,Technology,121.85,124.15,120.54,122.59,4138331
2024-08-28,TECHX,Technology,122.59,123.42,122.53,122.56,3031407
2024-08-29,TECHX,Technology,122.56,125.58,122.45,124.94,2984272
2024-08-30,TECHX,Technology,124.94,125.32,123.65,123.93,2735398
2024-09-02,TECHX,Technology,123.93,128.25,123.7,127.11,3139989
2024-09-03,TECHX,Technology,127.11,131.13,125.8,130.87,2055988
2024-09-04,TECHX,Technology,130.87,132.82,130.76,131.65,4147092
2024-09-05,TECHX,Technology,131.65,133.5,127.37,130.36,2881883
2024-09-06,TECHX,Technology,130.36,132.26,127.24,129.28,2697583
2024-09-09,TECHX,Technology,129.28,129.64,126.55,128.27,2308886
2024-09-10,TECHX,Technology,128.27,129.26,125.73,125.77,3711235
2024-09-11,TECHX,Technology,125.77,131.04,124.53,129.75,3517348
2024-09-12,TECHX,Technology,129.75,130.62,128.24,129.7,3354583
2024-09-13,TECHX,Technology,129.7,130.85,129.32,130.21,5373525
2024-09-16,TECHX,Technology,130.21,130.9,127.82,128.62,2743173
2024-09-17,TECHX,Technology,128.62,130.15,125.26,127.06,2727954
2024-09-18,TECHX,Technology,127.06,127.66,124.33,125.02,4027897
2024-09-19,TECHX,Technology,125.02,127.51,123.09,125.6,4788328
2024-09-20,TECHX,Technology,125.6,126.09,123.79,124.14,3608817
2024-09-23,TECHX,Technology,124.14,128.38,123.92,125.85,2532882
2024-09-24,TECHX,Technology,125.85,126.77,122.41,122.45,5611461
2024-09-25,TECHX,Technology,122.45,122.73,121.24,121.26,4387051
2024-09-26,TECHX,Technology,121.26,128.14,120.67,127.46,5551530
2024-09-27,TECHX,Technology,127.46,131.66,126.72,129.28,2981513
2024-09-30,TECHX,Technology,129.28,132.33,128.21,130.88,3799798
2024-10-01,TECHX,Technology,130.88,135.31,129.07,133.75,4212687
2024-10-02,TECHX,Technology,133.75,133.95,131.77,133.38,2314444
2024-10-03,TECHX,Technology,133.38,134.98,133.35,134.45,4415364
2024-10-04,TECHX,Technology,134.45,135.1,132.62,135.04,3801515
2024-10-07,TECHX,Technology,135.04,139.83,134.63,136.87,3542784
2024-10-08,TECHX,Technology,136.87,139.8,136.74,137.63,3396448
2024-10-09,TECHX,Technology,137.63,139.65,137.02,139.39,3498699
2024-10-10,TECHX,Technology,139.39,143.93,139.2,142.46,2788369
2024-10-11,TECHX,Technology,142.46,148.18,141.67,145.95,3994055
2024-10-14,TECHX,Technology,145.95,150.71,145.14,150.61,5891099
2024-10-15,TECHX,Technology,150.61,153.92,145.7,146.34,3126281
2024-10-16,TECHX,Technology,146.34,147.38,143.09,143.44,2887605
2024-10-17,TECHX,Technology,143.44,144.69,138.94,139.85,3493031
2024-10-18,TECHX,Technology,139.85,146.65,137.72,145.1,3091090
2024-10-21,TECHX,Technology,145.1,145.45,144.71,145.06,3325121
2024-10-22,TECHX,Technology,145.06,147.15,141.4,141.51,4788439
2024-10-23,TECHX,Technology,141.51,143.22,140.71,142.57,3605875
2024-10-24,TECHX,Technology,142.57,146.41,142.29,144.49,4029692
2024-10-25,TECHX,Technology,144.49,146.57,143.34,144.31,4665011
2024-10-28,TECHX,Technology,144.31,146.38,144.1,144.28,2390933
2024-10-29,TECHX,Technology,144.28,147.75,143.64,146.8,1480425
2024-10-30,TECHX,Technology,146.8,150.35,143.25,145.56,3933322
2024-10-31,TECHX,Technology,145.56,148.56,144.15,147.93,3343038
2024-11-01,TECHX,Technology,147.93,149.72,145.71,148.01,3805631
2024-11-04,TECHX,Technology,148.01,148.05,147.14,147.44,1197956
2024-11-05,TECHX,Technology,147.44,148.45,145.33,146.8,2842463
2024-11-06,TECHX,Technology,146.8,153.14,145.96,152.17,4543310
2024-11-07,TECHX,Technology,152.17,157.97,152.08,156.52,2970690
2024-11-08,TECHX,Technology,156.52,159.42,155.12,158.8,3987808
2024-11-11,TECHX,Technology,158.8,163.1,156.71,162.23,3726742
2024-11-12,TECHX,Technology,162.23,170.22,159.41,169.06,4248643
2024-11-13,TECHX,Technology,169.06,169.88,166.42,166.96,3717986
2024-11-14,TECHX,Technology,166.96,169.77,166.92,168.8,5363946
2024-11-15,TECHX,Technology,168.8,175.5,168.74,174.74,3982027
2024-11-18,TECHX,Technology,174.74,178.8,174.29,176.99,1652540
2024-11-19,TECHX,Technology,176.99,179.66,176.13,178.51,4719900
2024-11-20,TECHX,Technology,178.51,181.12,173.85,174.24,4696656
2024-11-21,TECHX,Technology,174.24,181.04,172.36,180.21,3778523
2024-11-22,TECHX,Technology,180.21,181.8,178.52,179.69,1617331
2024-11-25,TECHX,Technology,179.69,187.66,178.57,185.11,4165228
2024-11-26,TECHX,Technology,185.11,187.54,184.09,187.05,2596392
2024-11-27,TECHX,Technology,187.05,189.26,186.03,187.07,2668343
2024-11-28,TECHX,Technology,187.07,195.48,184.92,190.07,1618232
2024-11-29,TECHX,Technology,190.07,192.19,186.36,188.8,4259886
2024-12-02,TECHX,Technology,188.8,189.46,187.06,187.15,3669500
2024-12-03,TECHX,Technology,187.15,189.95,185.28,187.55,2599298
2024-12-04,TECHX,Technology,187.55,188.35,179.09,181.82,4684861
2024-12-05,TECHX,Technology,181.82,182.46,180.08,180.66,5117319
2024-12-06,TECHX,Technology,180.66,182.94,178.8,182.15,3426803
2024-12-09,TECHX,Technology,182.15,182.51,181.19,181.32,3075212
2024-12-10,TECHX,Technology,181.32,184.16,179.99,184.07,3282211
2024-12-11,TECHX,Technology,184.07,188.15,182.38,184.46,3369404
2024-12-12,TECHX,Technology,184.46,193.71,180.61,188.26,3347150
2024-12-13,TECHX,Technology,188.26,194.55,187.1,192.54,2425600
2024-12-16,TECHX,Technology,192.54,196.23,189.89,190.26,3499289
2024-12-17,TECHX,Technology,190.26,194.64,189.97,193.68,3807799
2024-12-18,TECHX,Technology,193.68,203.22,193.29,203.11,5481790
2024-12-19,TECHX,Technology,203.11,210.19,201.81,207.72,2329448
2024-12-20,TECHX,Technology,207.72,217.09,207.09,214.63,2938924
2024-12-23,TECHX,Technology,214.63,215.34,213.8,214.48,3398189
2024-12-24,TECHX,Technology,214.48,222.54,213.96,221.54,4884853
2024-12-25,TECHX,Technology,221.54,229.72,220.21,226.94,4339529
2024-12-26,TECHX,Technology,226.94,230.06,225.39,225.72,3246287
2024-12-27,TECHX,Technology,225.72,225.76,222.61,225.08,1742960
2024-12-30,TECHX,Technology,225.08,234.36,222.85,232.39,1337971
2024-12-31,TECHX,Technology,232.39,235.47,225.79,229.56,4289688
2025-01-01,TECHX,Technology,229.56,234.73,224.31,226.54,2992778
2025-01-02,TECHX,Technology,226.54,231.73,212.36,215.35,2119361
2025-01-03,TECHX,Technology,215.35,225.25,212.37,219.88,4098223
2025-01-06,TECHX,Technology,219.88,224.53,218.22,222.63,3578251
2025-01-07,TECHX,Technology,222.63,223.37,220.95,223.23,2806384
2025-01-08,TECHX,Technology,223.23,223.45,213.67,215.8,2540717
2025-01-09,TECHX,Technology,215.8,219.73,213.82,216.71,1639830
2025-01-10,TECHX,Technology,216.71,218.75,210.46,212.55,3227410
2025-01-13,TECHX,Technology,212.55,217.1,212.33,215.02,1966374
2025-01-14,TECHX,Technology,215.02,215.7,209.17,212.56,3706924
2025-01-15,TECHX,Technology,212.56,213.78,212.08,212.6,4234735
2025-01-16,TECHX,Technology,212.6,214.18,212.34,213.26,3575619
2025-01-17,TECHX,Technology,213.26,213.69,211.77,213.6,2433714
2025-01-20,TECHX,Technology,213.6,217.34,205.15,207.74,2898279
2025-01-21,TECHX,Technology,207.74,209.6,204.27,204.88,4577092
2025-01-22,TECHX,Technology,204.88,205.45,200.55,202.24,5438284
2025-01-23,TECHX,Technology,202.24,202.87,196.31,197.56,3997044
2025-01-24,TECHX,Technology,197.56,197.81,196.86,196.94,2938949
2025-01-27,TECHX,Technology,196.94,205.3,195.85,200.86,2048195
2025-01-28,TECHX,Technology,200.86,206.04,199.01,200.62,4516936
2025-01-29,TECHX,Technology,200.62,208.63,199.48,207.48,5685690
2025-01-30,TECHX,Technology,207.48,207.9,204.83,206.03,2203283
2025-01-31,TECHX,Technology,206.03,208.55,203.41,203.48,2535614
2025-02-03,TECHX,Technology,203.48,207.73,202.8,204.55,3908455
2025-02-04,TECHX,Technology,204.55,205.31,194.1,196.52,2511856
2025-02-05,TECHX,Technology,196.52,204.06,195.13,203.21,3753369
2025-02-06,TECHX,Technology,203.21,205.76,202.11,205.6,2375792
2025-02-07,TECHX,Technology,205.6,209.34,205.37,206.42,2256226
2025-02-10,TECHX,Technology,206.42,208.97,201.29,203.51,3948764
2025-02-11,TECHX,Technology,203.51,204.15,196.77,199.18,3659134
2025-02-12,TECHX,Technology,199.18,209.36,198.8,208.54,3744898
2025-02-13,TECHX,Technology,208.54,209.54,207.06,209.22,3962061
2025-02-14,TECHX,Technology,209.22,212.01,202.28,206.06,3875368
2025-02-17,TECHX,Technology,206.06,210.5,200.85,201.64,6144245
2025-02-18,TECHX,Technology,201.64,203.42,201.47,201.73,2922144
2025-02-19,TECHX,Technology,201.73,206.16,201.19,205.56,3789050
2025-02-20,TECHX,Technology,205.56,207.6,202.58,202.94,2556671
2025-02-21,TECHX,Technology,202.94,207.08,202.88,205.24,3262973
2025-02-24,TECHX,Technology,205.24,210.81,205.19,209.82,4403025
2025-02-25,TECHX,Technology,209.82,216.98,209.8,215.78,2232763
2025-02-26,TECHX,Technology,215.78,216.44,210.02,211.31,3300711
2025-02-27,TECHX,Technology,211.31,212.8,211.16,211.68,3485513
2025-02-28,TECHX,Technology,211.68,216.27,209.69,212.08,2913708
2025-03-03,TECHX,Technology,212.08,213.35,203.9,207.07,4870177
2025-03-04,TECHX,Technology,207.07,210.16,206.01,206.31,2775770
2025-03-05,TECHX,Technology,206.31,206.94,203.11,203.91,3447724
2025-03-06,TECHX,Technology,203.91,204.69,203.02,204.68,4195731
2025-03-07,TECHX,Technology,204.68,211.79,199.46,208.69,4442865
2025-03-10,TECHX,Technology,208.69,209.16,200.74,203.11,1673019
2025-03-11,TECHX,Technology,203.11,206.99,201.94,205.44,729145
2025-03-12,TECHX,Technology,205.44,206.24,200.31,203.31,3426452
2025-03-13,TECHX,Technology,203.31,204.55,203.07,203.37,2129230
2025-03-14,TECHX,Technology,203.37,208.69,203.32,208.36,2583973
2025-03-17,TECHX,Technology,208.36,210.21,206.28,206.64,4840781
2025-03-18,TECHX,Technology,206.64,209.97,198.14,201.09,3415272
2025-03-19,TECHX,Technology,201.09,203.19,197.32,198.52,5118204
2025-03-20,TECHX,Technology,198.52,202.32,194.24,201.34,2732913
2025-03-21,TECHX,Technology,201.34,205.06,198.71,204.44,4949577
2025-03-24,TECHX,Technology,204.44,206.24,203.5,204.7,2413767
2025-03-25,TECHX,Technology,204.7,213.35,203.95,213.06,4201379
2025-03-26,TECHX,Technology,213.06,215.13,204.96,207.45,2916425
2025-03-27,TECHX,Technology,207.45,208.56,200.82,203.23,4240455
2025-03-28,TECHX,Technology,203.23,208.97,200.34,207.4,5065526
2025-03-31,TECHX,Technology,207.4,207.92,203.45,206.19,3664536
2025-04-01,TECHX,Technology,206.19,212.7,204.86,208.19,4133201
2025-04-02,TECHX,Technology,208.19,209.11,205.01,208.55,3505181
2025-04-03,TECHX,Technology,208.55,213.19,207.79,210.92,2448817
2025-04-04,TECHX,Technology,210.92,215.07,202.39,206.64,2333006
2025-04-07,TECHX,Technology,206.64,207.22,205.22,205.85,3848431
2025-04-08,TECHX,Technology,205.85,210.74,205.51,209.52,3717983
2025-04-09,TECHX,Technology,209.52,212.89,207.58,208.6,3789504
2025-04-10,TECHX,Technology,208.6,213.98,208.23,211.49,2036042
2025-04-11,TECHX,Technology,211.49,214.7,210.38,213.31,3770259
2025-04-14,TECHX,Technology,213.31,218.77,212.65,218.72,5451649
2025-04-15,TECHX,Technology,218.72,225.63,217.48,219.91,1476625
2025-04-16,TECHX,Technology,219.91,224.2,217.07,223.35,4057802
2025-04-17,TECHX,Technology,223.35,226.09,222.4,222.87,2273307
2025-04-18,TECHX,Technology,222.87,224.18,216.73,220.41,3650743
2025-04-21,TECHX,Technology,220.41,221.39,212.7,215.27,2908444
2025-04-22,TECHX,Technology,215.27,215.31,213.14,214.83,3643090
2025-04-23,TECHX,Technology,214.83,215.73,212.53,214.43,2644213
2025-04-24,TECHX,Technology,214.43,218.47,210.73,217.66,2958172
2025-04-25,TECHX,Technology,217.66,220.81,214.57,218.77,1472943
2025-04-28,TECHX,Technology,218.77,221.53,211.05,212.23,6571265
2025-04-29,TECHX,Technology,212.23,212.62,206.72,209.96,5216254
2025-04-30,TECHX,Technology,209.96,221.38,207.81,218.74,4715651
2025-05-01,TECHX,Technology,218.74,223.5,216.95,222.28,3384583
2025-05-02,TECHX,Technology,222.28,223.28,220.11,221.65,3946347
2025-05-05,TECHX,Technology,221.65,225.46,219.12,222.18,2879239
2025-05-06,TECHX,Technology,222.18,226.33,218.95,219.13,3208060
2025-05-07,TECHX,Technology,219.13,227.32,216.88,225.89,5821623
2025-05-08,TECHX,Technology,225.89,232.89,225.38,231.54,2564158
2025-05-09,TECHX,Technology,231.54,234.06,225.63,229.96,4629226
2025-05-12,TECHX,Technology,229.96,232.53,227.53,227.85,1511803
2025-05-13,TECHX,Technology,227.85,229.8,226.79,229.46,1653187
2025-05-14,TECHX,Technology,229.46,233.19,226.77,231.95,451055
2025-05-15,TECHX,Technology,231.95,236.08,228.1,231.96,2589642
2025-05-16,TECHX,Technology,231.96,233.05,227.02,229.31,3571141
2025-05-19,TECHX,Technology,229.31,235.82,229.08,232.96,3175463
2025-05-20,TECHX,Technology,232.96,234.89,228.49,229.01,3782519
2025-05-21,TECHX,Technology,229.01,235.21,225.59,233.33,3172070
2025-05-22,TECHX,Technology,233.33,235.12,227.67,233.37,3800883
2025-05-23,TECHX,Technology,233.37,237.62,233.22,236.95,3889403
2025-05-26,TECHX,Technology,236.95,238.2,227.86,229.69,2329956
2025-05-27,TECHX,Technology,229.69,234.31,228.62,231.17,3121569
2025-05-28,TECHX,Technology,231.17,233.87,222.2,223.85,2846688
2025-05-29,TECHX,Technology,223.85,227.46,221.57,224.88,3168232
2025-05-30,TECHX,Technology,224.88,228.51,224.48,226.94,2865657
2025-06-02,TECHX,Technology,226.94,227.14,220.93,223.32,418102
2025-06-03,TECHX,Technology,223.32,227.44,218.04,225.4,2247352
2025-06-04,TECHX,Technology,225.4,233.03,225.36,228.33,2588338
2025-06-05,TECHX,Technology,228.33,231.47,226.16,227.63,2336521
2025-06-06,TECHX,Technology,227.63,229.8,225.3,225.57,4785448
2025-06-09,TECHX,Technology,225.57,227.74,224.91,227.16,1683128
2025-06-10,TECHX,Technology,227.16,231.49,226.75,231.31,6731944
2025-06-11,TECHX,Technology,231.31,234.58,230.33,232.83,4245770
2025-06-12,TECHX,Technology,232.83,236.86,230.69,233.5,2453655
2025-06-13,TECHX,Technology,233.5,245.01,232.46,242.39,5417592
2025-06-16,TECHX,Technology,242.39,244.94,241.22,242.86,2273323
2025-06-17,TECHX,Technology,242.86,245.37,239.08,239.88,2895557
2025-06-18,TECHX,Technology,239.88,240.9,230.59,235.45,2341064
2025-06-19,TECHX,Technology,235.45,239.03,235.26,235.7,3436691
2025-06-20,TECHX,Technology,235.7,236.71,230.4,230.83,4529249
2025-06-23,TECHX,Technology,230.83,242.58,229.5,236.45,3934675
2025-06-24,TECHX,Technology,236.45,238.35,235.65,237.52,2832298
2025-06-25,TECHX,Technology,237.52,241.6,235.13,238.46,4153727
2025-06-26,TECHX,Technology,238.46,245.17,233.4,244.88,2981667
2025-06-27,TECHX,Technology,244.88,251.44,242.44,251.38,3086203
2025-06-30,TECHX,Technology,251.38,257.16,250.78,255.76,3041767
2025-07-01,TECHX,Technology,255.76,258.12,249.81,253.91,2866764
2025-07-02,TECHX,Technology,253.91,264.2,251.37,260.24,3132662
2025-07-03,TECHX,Technology,260.24,262.56,257.89,262.5,3520372
2025-07-04,TECHX,Technology,262.5,265.62,255.28,256.47,3765867
2025-07-07,TECHX,Technology,256.47,258.74,254.96,258.07,2701540
2025-07-08,TECHX,Technology,258.07,266.26,257.75,262.73,5429306
2025-07-09,TECHX,Technology,262.73,264.51,256.3,257.63,3652475
2025-07-10,TECHX,Technology,257.63,260.86,255.99,259.59,4242255
2025-07-11,TECHX,Technology,259.59,262.5,257.84,261.87,5041333
2025-07-14,TECHX,Technology,261.87,264.42,258.44,261.33,2939142
2025-07-15,TECHX,Technology,261.33,263.55,248.8,250.14,3919067
2025-07-16,TECHX,Technology,250.14,252.43,248.36,251.95,2759113
2025-07-17,TECHX,Technology,251.95,255.34,250.09,254.68,3862647
2025-07-18,TECHX,Technology,254.68,257.45,248.73,250.07,4267219
2025-07-21,TECHX,Technology,250.07,256.69,249.51,252.06,2856328
2025-07-22,TECHX,Technology,252.06,252.88,250.04,252.11,1547936
2025-07-23,TECHX,Technology,252.11,254.8,244.6,246.95,5283081
2025-07-24,TECHX,Technology,246.95,247.37,246.41,246.58,4093882
2025-07-25,TECHX,Technology,246.58,247.17,239.8,242.16,3946465
2025-07-28,TECHX,Technology,242.16,245.66,235.61,243.22,3736921
2025-07-29,TECHX,Technology,243.22,247.67,238.96,240.18,4659295
2025-07-30,TECHX,Technology,240.18,242.47,235.8,239.67,4255343
2025-07-31,TECHX,Technology,239.67,249.51,239.49,247.67,1974581
2025-08-01,TECHX,Technology,247.67,249.76,241.25,246.6,2939940
2025-08-04,TECHX,Technology,246.6,248.72,246.5,247.36,4636479
2025-08-05,TECHX,Technology,247.36,247.84,242.61,244.43,1983798
2025-08-06,TECHX,Technology,244.43,244.52,240.55,241.58,2598062
2025-08-07,TECHX,Technology,241.58,241.78,231.4,234.93,4495318
2025-08-08,TECHX,Technology,234.93,238.89,234.21,235.46,2364851
2025-08-11,TECHX,Technology,235.46,240.28,231.05,237.11,3276910
2025-08-12,TECHX,Technology,237.11,238.7,235.98,236.49,2371600
2025-08-13,TECHX,Technology,236.49,238.37,232.59,235.12,3158813
2025-08-14,TECHX,Technology,235.12,244.35,233.46,244.2,2143677
2025-08-15,TECHX,Technology,244.2,248.07,234.91,235.54,4438853
2025-08-18,TECHX,Technology,235.54,237.65,227.13,228.23,3909474
2025-08-19,TECHX,Technology,228.23,237.85,227.62,235.73,2775443
2025-08-20,TECHX,Technology,235.73,237.43,225.25,225.73,2828385
2025-08-21,TECHX,Technology,225.73,225.9,224.76,225.27,2454123
2025-08-22,TECHX,Technology,225.27,227.16,222.81,226.17,4405554
2025-08-25,TECHX,Technology,226.17,226.21,224.26,225.86,3245120
2025-08-26,TECHX,Technology,225.86,230.96,224.47,230.3,3848437
2025-08-27,TECHX,Technology,230.3,230.55,225.09,225.17,3313906
2025-08-28,TECHX,Technology,225.17,229.4,223.49,224.72,3132175
2025-08-29,TECHX,Technology,224.72,227.89,221.88,225.58,2287893
2025-09-01,TECHX,Technology,225.58,231.07,224.12,230.08,5333025
2025-09-02,TECHX,Technology,230.08,232.2,222.48,224.73,2842615
2025-09-03,TECHX,Technology,224.73,231.7,224.08,231.12,3970396
2025-09-04,TECHX,Technology,231.12,233.0,228.81,230.64,1450125
2025-09-05,TECHX,Technology,230.64,240.73,228.26,236.8,4871008
2025-09-08,TECHX,Technology,236.8,237.77,229.21,231.77,3282999
2025-09-09,TECHX,Technology,231.77,233.58,227.46,230.48,4445450
2025-09-10,TECHX,Technology,230.48,230.97,224.19,228.03,2468402
2025-09-11,TECHX,Technology,228.03,236.32,225.22,232.57,2859435
2025-09-12,TECHX,Technology,232.57,233.24,230.68,232.58,3383599
2025-09-15,TECHX,Technology,232.58,232.62,229.26,230.52,3219233
2025-09-16,TECHX,Technology,230.52,230.77,228.44,228.65,2840402
2025-09-17,TECHX,Technology,228.65,232.3,226.32,227.6,2834154
2025-09-18,TECHX,Technology,227.6,231.68,224.93,230.91,3720310
2025-09-19,TECHX,Technology,230.91,231.94,226.93,230.55,2010471
2025-09-22,TECHX,Technology,230.55,230.88,221.28,225.18,5940831
2025-09-23,TECHX,Technology,225.18,229.34,221.13,228.19,2780053
2025-09-24,TECHX,Technology,228.19,229.61,224.36,224.73,2887339
2025-09-25,TECHX,Technology,224.73,226.42,213.66,215.97,4218142
2025-09-26,TECHX,Technology,215.97,227.13,210.51,225.06,3665900
2025-09-29,TECHX,Technology,225.06,234.66,222.29,230.15,4070781
2025-09-30,TECHX,Technology,230.15,230.4,222.12,228.15,1762062
2025-10-01,TECHX,Technology,228.15,230.52,225.67,229.44,3228383
2025-10-02,TECHX,Technology,229.44,231.9,228.83,230.99,2836684
2025-10-03,TECHX,Technology,230.99,234.87,230.12,234.01,3283672
2025-10-06,TECHX,Technology,234.01,239.54,229.86,239.42,4900707
2025-10-07,TECHX,Technology,239.42,240.98,233.82,235.22,4830669
2025-10-08,TECHX,Technology,235.22,242.6,222.94,225.32,4279328
2025-10-09,TECHX,Technology,225.32,225.96,224.03,225.2,3594956
2025-10-10,TECHX,Technology,225.2,228.05,224.76,227.84,3132187
2025-10-13,TECHX,Technology,227.84,230.42,225.74,227.09,362981
2025-10-14,TECHX,Technology,227.09,230.65,227.05,230.21,2941191
2025-10-15,TECHX,Technology,230.21,237.75,228.43,235.52,3987970
2025-10-16,TECHX,Technology,235.52,238.77,229.64,231.08,4345088
2025-10-17,TECHX,Technology,231.08,236.84,229.41,235.63,4009535
2025-10-20,TECHX,Technology,235.63,236.64,230.88,232.75,4038791
2025-10-21,TECHX,Technology,232.75,240.11,231.93,238.42,4736050
2025-10-22,TECHX,Technology,238.42,240.54,238.03,238.44,2330884
2025-10-23,TECHX,Technology,238.44,238.78,233.49,235.36,3003908
2025-10-24,TECHX,Technology,235.36,235.86,226.58,226.59,2939880
2025-10-27,TECHX,Technology,226.59,231.86,222.94,229.71,2568684
2025-10-28,TECHX,Technology,229.71,231.87,224.44,226.31,3159714
2025-10-29,TECHX,Technology,226.31,230.85,223.82,225.25,1955384
2025-10-30,TECHX,Technology,225.25,226.28,222.19,225.66,1848279
2025-10-31,TECHX,Technology,225.66,226.07,208.35,212.17,6083371
2025-11-03,TECHX,Technology,212.17,214.23,210.45,213.18,2205246
2025-11-04,TECHX,Technology,213.18,216.43,210.92,215.34,5927967
2025-11-05,TECHX,Technology,215.34,218.27,215.29,217.16,1502982
2025-11-06,TECHX,Technology,217.16,218.05,213.15,214.27,3470764
2025-11-07,TECHX,Technology,214.27,216.68,210.88,210.88,3370930
2025-11-10,TECHX,Technology,210.88,211.21,207.89,209.62,2325375
2025-11-11,TECHX,Technology,209.62,210.26,204.2,206.99,2490062
2025-11-12,TECHX,Technology,206.99,208.8,204.6,205.14,3400856
2025-11-13,TECHX,Technology,205.14,209.04,204.34,208.76,3316837
2025-11-14,TECHX,Technology,208.76,211.21,203.66,209.99,3015211
2025-11-17,TECHX,Technology,209.99,218.09,207.96,216.09,5068430
2025-11-18,TECHX,Technology,216.09,217.03,214.76,216.6,2767089
2025-11-19,TECHX,Technology,216.6,222.04,216.3,219.4,2862936
2025-11-20,TECHX,Technology,219.4,220.85,216.23,219.53,937996
2025-11-21,TECHX,Technology,219.53,222.21,216.14,217.25,3105778
2025-11-24,TECHX,Technology,217.25,220.4,214.71,215.41,3491899
2025-11-25,TECHX,Technology,215.41,220.7,213.17,218.22,3237755
2025-11-26,TECHX,Technology,218.22,223.65,214.83,221.28,4154831
2025-11-27,TECHX,Technology,221.28,225.09,219.35,223.08,4273831
2025-11-28,TECHX,Technology,223.08,226.74,215.94,217.9,4237653
2025-12-01,TECHX,Technology,217.9,219.22,215.42,216.6,2989822
2025-12-02,TECHX,Technology,216.6,219.08,215.0,216.91,2566907
2025-12-03,TECHX,Technology,216.91,219.07,210.51,216.05,2917939
2025-12-04,TECHX,Technology,216.05,228.38,216.01,226.6,3843385
2025-12-05,TECHX,Technology,226.6,228.08,223.93,226.84,4036491
2025-12-08,TECHX,Technology,226.84,231.87,225.84,230.22,3377543
2025-12-09,TECHX,Technology,230.22,234.84,229.41,233.46,2763076
2025-12-10,TECHX,Technology,233.46,237.7,230.56,234.07,1714653
2025-12-11,TECHX,Technology,234.07,235.1,233.67,234.98,3319884
2025-12-12,TECHX,Technology,234.98,238.49,230.33,234.08,2324040
2025-12-15,TECHX,Technology,234.08,237.92,233.32,233.73,4548011
2025-12-16,TECHX,Technology,233.73,234.51,230.79,233.97,2465183
2025-12-17,TECHX,Technology,233.97,234.71,229.38,232.36,3695338
2025-12-18,TECHX,Technology,232.36,232.93,226.2,227.33,4722789
2025-12-19,TECHX,Technology,227.33,237.03,225.49,234.65,2349584
2025-12-22,TECHX,Technology,234.65,235.75,231.39,233.7,3027342
2025-12-23,TECHX,Technology,233.7,234.05,230.4,232.34,5106924
2025-12-24,TECHX,Technology,232.34,232.77,220.46,225.01,3764941
2025-12-25,TECHX,Technology,225.01,225.81,223.88,224.29,4344020
2025-12-26,TECHX,Technology,224.29,227.73,211.45,214.5,3723527
2025-12-29,TECHX,Technology,214.5,215.76,209.39,212.79,3634163
2025-12-30,TECHX,Technology,212.79,224.55,212.39,221.53,3194456
2025-12-31,TECHX,Technology,221.53,223.59,220.11,223.55,3689938
2026-01-01,TECHX,Technology,223.55,232.2,221.94,231.75,2374928
2026-01-02,TECHX,Technology,231.75,232.85,224.08,227.46,3812182
2026-01-05,TECHX,Technology,227.46,227.46,223.34,226.17,3704571
2026-01-06,TECHX,Technology,226.17,231.34,225.11,230.3,3712140
2026-01-07,TECHX,Technology,230.3,230.45,223.63,228.42,2958434
2026-01-08,TECHX,Technology,228.42,229.9,225.24,226.92,2985933
2026-01-09,TECHX,Technology,226.92,229.92,220.93,224.11,2703366
2026-01-12,TECHX,Technology,224.11,226.37,214.4,215.88,4802192
2026-01-13,TECHX,Technology,215.88,217.81,204.99,207.51,4793094
2026-01-14,TECHX,Technology,207.51,209.67,206.66,207.69,3643313
2026-01-15,TECHX,Technology,207.69,209.47,203.58,208.25,1626801
2026-01-16,TECHX,Technology,208.25,215.34,206.38,215.11,2277831
2026-01-19,TECHX,Technology,215.11,217.1,214.16,214.43,4471042
2026-01-20,TECHX,Technology,214.43,214.46,205.73,208.33,4083850
2026-01-21,TECHX,Technology,208.33,213.05,202.91,212.16,3645426
2026-01-22,TECHX,Technology,212.16,215.0,209.53,214.14,2188100
2026-01-23,TECHX,Technology,214.14,219.77,210.33,217.18,3661281
2026-01-26,TECHX,Technology,217.18,217.35,214.37,215.12,2755831
2026-01-27,TECHX,Technology,215.12,215.19,210.03,212.34,2231735
2026-01-28,TECHX,Technology,212.34,217.83,210.92,215.35,3804084
2026-01-29,TECHX,Technology,215.35,216.81,205.56,208.05,2691341
2026-01-30,TECHX,Technology,208.05,209.01,204.63,206.24,2966394
2026-02-02,TECHX,Technology,206.24,209.17,200.35,203.9,4233370
2026-02-03,TECHX,Technology,203.9,206.02,202.21,204.37,3534292
2026-02-04,TECHX,Technology,204.37,209.09,203.04,206.2,1765405
2026-02-05,TECHX,Technology,206.2,212.77,205.41,210.66,3783496
2026-02-06,TECHX,Technology,210.66,226.02,209.39,219.2,3754005
2026-02-09,TECHX,Technology,219.2,223.64,218.5,221.67,5032583
2026-02-10,TECHX,Technology,221.67,223.94,220.2,222.83,3520050
2026-02-11,TECHX,Technology,222.83,228.1,221.58,226.7,2289293
2026-02-12,TECHX,Technology,226.7,230.61,225.66,228.83,4845613
2026-02-13,TECHX,Technology,228.83,230.47,226.33,228.94,2661963
2026-02-16,TECHX,Technology,228.94,234.23,228.27,232.26,3276338
2026-02-17,TECHX,Technology,232.26,233.09,223.34,225.35,4355103
2026-02-18,TECHX,Technology,225.35,227.86,225.34,227.74,2609971
2026-02-19,TECHX,Technology,227.74,232.04,226.62,231.06,2821198
2026-02-20,TECHX,Technology,231.06,233.6,220.19,221.25,2978902
2026-02-23,TECHX,Technology,221.25,225.33,218.9,224.45,3966855
2026-02-24,TECHX,Technology,224.45,230.76,221.73,227.65,3604483
2026-02-25,TECHX,Technology,227.65,227.98,222.09,226.11,3550605
2026-02-26,TECHX,Technology,226.11,229.17,218.22,221.59,4641244
2026-02-27,TECHX,Technology,221.59,224.99,217.76,218.93,1603689
2026-03-02,TECHX,Technology,218.93,221.64,213.84,214.18,2942288
2026-03-03,TECHX,Technology,214.18,216.07,211.78,214.99,4434492
2026-03-04,TECHX,Technology,214.99,217.84,212.69,213.57,3404901
2026-03-05,TECHX,Technology,213.57,215.62,208.86,209.58,3397875
2026-03-06,TECHX,Technology,209.58,211.44,209.1,209.85,2189975
2026-03-09,TECHX,Technology,209.85,215.92,205.97,213.71,2481967
2026-03-10,TECHX,Technology,213.71,215.1,207.27,207.44,2093116
2026-03-11,TECHX,Technology,207.44,209.52,203.32,203.74,3499408
2026-03-12,TECHX,Technology,203.74,204.1,199.82,200.92,3060484
2026-03-13,TECHX,Technology,200.92,210.55,198.31,207.77,4767947
2026-03-16,TECHX,Technology,207.77,213.69,206.07,211.26,4974346
2026-03-17,TECHX,Technology,211.26,213.2,204.54,206.65,3811480
2026-03-18,TECHX,Technology,206.65,209.76,205.84,209.05,1974214
2026-03-19,TECHX,Technology,209.05,216.05,208.57,213.56,3471238
2026-03-20,TECHX,Technology,213.56,214.65,205.96,207.14,3651116
2026-03-23,TECHX,Technology,207.14,212.63,205.97,211.93,2466896
2026-03-24,TECHX,Technology,211.93,212.32,211.45,211.95,2670177
2026-03-25,TECHX,Technology,211.95,213.7,210.6,211.52,1579312
2026-03-26,TECHX,Technology,211.52,222.08,208.79,219.05,4651681
2026-03-27,TECHX,Technology,219.05,219.63,216.34,216.98,3000095
2026-03-30,TECHX,Technology,216.98,218.48,211.75,213.71,2522879
2026-03-31,TECHX,Technology,213.71,215.24,212.09,213.55,4364329
2026-04-01,TECHX,Technology,213.55,214.06,210.15,211.2,3726213
2026-04-02,TECHX,Technology,211.2,213.22,210.18,211.65,1918078
2026-04-03,TECHX,Technology,211.65,217.37,210.03,215.45,3470651
2026-04-06,TECHX,Technology,215.45,218.99,213.14,218.53,5712698
2026-04-07,TECHX,Technology,218.53,221.55,214.57,215.22,4090830
2026-04-08,TECHX,Technology,215.22,218.35,211.49,214.36,3740085
2026-04-09,TECHX,Technology,214.36,218.05,207.67,211.89,2522848
2026-04-10,TECHX,Technology,211.89,213.71,208.88,209.69,3205119
2026-04-13,TECHX,Technology,209.69,213.95,209.66,209.92,2400330
2026-04-14,TECHX,Technology,209.92,212.95,205.36,207.98,4008416
2026-04-15,TECHX,Technology,207.98,208.56,205.31,206.94,3437739
2026-04-16,TECHX,Technology,206.94,211.45,206.26,209.43,2684329
2026-04-17,TECHX,Technology,209.43,211.16,198.96,205.01,4815802
2026-04-20,TECHX,Technology,205.01,207.72,198.63,199.59,4230762
2026-04-21,TECHX,Technology,199.59,202.42,199.34,201.9,3600287
2026-04-22,TECHX,Technology,201.9,206.86,201.44,202.37,2275154
2026-04-23,TECHX,Technology,202.37,209.27,201.63,203.2,2807059
2026-04-24,TECHX,Technology,203.2,208.07,202.35,207.07,4086204
2026-04-27,TECHX,Technology,207.07,218.15,206.09,215.71,2889455
2026-04-28,TECHX,Technology,215.71,220.24,214.81,218.24,2990584
2026-04-29,TECHX,Technology,218.24,224.67,215.52,222.63,3540189
2026-04-30,TECHX,Technology,222.63,225.43,219.12,219.6,3018375
2026-05-01,TECHX,Technology,219.6,231.39,216.57,230.39,3471128
2026-05-04,TECHX,Technology,230.39,240.15,226.74,235.23,1528112
2026-05-05,TECHX,Technology,235.23,245.13,233.19,244.18,4539978
2026-05-06,TECHX,Technology,244.18,244.19,230.69,231.45,5429413
2026-05-07,TECHX,Technology,231.45,231.65,224.8,226.9,3738298
2026-05-08,TECHX,Technology,226.9,227.82,220.75,222.97,4082526
2026-05-11,TECHX,Technology,222.97,227.47,222.89,226.93,1937395
2026-05-12,TECHX,Technology,226.93,227.05,219.79,225.71,2085492
2026-05-13,TECHX,Technology,225.71,234.77,225.08,232.45,5678350
2026-05-14,TECHX,Technology,232.45,235.24,232.33,234.32,4365071
2026-05-15,TECHX,Technology,234.32,241.1,231.23,239.6,3325096
2026-05-18,TECHX,Technology,239.6,239.75,232.99,235.91,2907338
2026-05-19,TECHX,Technology,235.91,236.05,233.85,235.85,979805
2026-05-20,TECHX,Technology,235.85,236.35,230.33,233.13,2793253
2026-05-21,TECHX,Technology,233.13,234.58,223.1,224.52,2499308
2026-05-22,TECHX,Technology,224.52,224.94,220.51,221.85,1111511
2026-05-25,TECHX,Technology,221.85,228.85,220.41,225.97,2269196
2026-05-26,TECHX,Technology,225.97,225.98,223.84,225.19,3700326
2026-05-27,TECHX,Technology,225.19,225.38,221.0,222.02,4795865
2026-05-28,TECHX,Technology,222.02,227.06,221.83,225.28,4771159
2026-05-29,TECHX,Technology,225.28,229.22,222.12,227.26,3883394
2026-06-01,TECHX,Technology,227.26,228.35,224.72,225.39,3642676
2026-06-02,TECHX,Technology,225.39,227.11,221.55,226.41,4108560
2026-06-03,TECHX,Technology,226.41,229.55,224.07,227.41,3476682
2026-06-04,TECHX,Technology,227.41,236.29,225.48,235.77,3123274
2026-06-05,TECHX,Technology,235.77,237.62,229.92,230.78,2029142
2026-06-08,TECHX,Technology,230.78,233.07,228.68,230.99,4399232
2026-06-09,TECHX,Technology,230.99,235.89,229.47,233.49,4095198
2026-06-10,TECHX,Technology,233.49,235.57,228.14,228.53,4092256
2026-06-11,TECHX,Technology,228.53,230.57,221.96,223.29,2539927
2026-06-12,TECHX,Technology,223.29,228.58,221.4,225.49,2039932
2026-06-15,TECHX,Technology,225.49,229.55,223.92,228.12,3852131
2026-06-16,TECHX,Technology,228.12,230.68,225.82,229.45,1290964
2026-06-17,TECHX,Technology,229.45,234.81,229.23,231.19,2930726
2026-06-18,TECHX,Technology,231.19,235.17,230.43,234.47,4073808
2026-06-19,TECHX,Technology,234.47,236.93,233.37,236.18,1712490
2026-06-22,TECHX,Technology,236.18,241.36,233.78,239.89,3130332
2026-06-23,TECHX,Technology,239.89,240.22,239.05,239.85,4294615
2026-06-24,TECHX,Technology,239.85,248.4,238.36,245.18,4942442
2026-06-25,TECHX,Technology,245.18,249.92,240.25,247.23,4182850
2026-06-26,TECHX,Technology,247.23,251.21,246.87,248.61,3156542
2026-06-29,TECHX,Technology,248.61,252.5,244.99,247.01,4604333
2026-06-30,TECHX,Technology,247.01,253.12,246.1,249.63,1204077
2026-07-01,TECHX,Technology,249.63,255.14,248.15,252.9,3437498
2026-07-02,TECHX,Technology,252.9,264.27,250.22,262.94,5709231
2026-07-03,TECHX,Technology,262.94,273.43,260.28,273.41,5548683
2026-07-06,TECHX,Technology,273.41,274.74,266.2,269.52,5031383
2026-07-07,TECHX,Technology,269.52,275.11,264.16,272.71,2761377
2026-07-08,TECHX,Technology,272.71,273.65,266.84,271.05,3952568
2026-07-09,TECHX,Technology,271.05,274.73,270.93,273.46,3751615
2026-07-10,TECHX,Technology,273.46,274.27,259.16,259.79,2749584
2026-07-13,TECHX,Technology,259.79,262.49,255.23,261.95,4709856
2026-07-14,TECHX,Technology,261.95,262.35,259.48,259.67,2774348
2026-07-15,TECHX,Technology,259.67,262.82,256.74,260.84,3688630
2026-07-16,TECHX,Technology,260.84,266.41,258.5,264.28,2688171
2026-07-17,TECHX,Technology,264.28,267.96,264.19,265.78,3563728
2026-07-20,TECHX,Technology,265.78,266.3,262.65,263.19,2509270
2026-07-21,TECHX,Technology,263.19,267.27,261.13,262.42,2808042
2026-07-22,TECHX,Technology,262.42,263.05,261.07,261.23,3555679
2026-07-23,TECHX,Technology,261.23,267.69,258.09,265.96,2360601
2026-07-24,TECHX,Technology,265.96,266.89,261.5,263.53,1967619
2026-07-27,TECHX,Technology,263.53,264.0,259.73,261.28,2668652
2026-07-28,TECHX,Technology,261.28,263.7,259.2,259.28,2373460
2026-07-29,TECHX,Technology,259.28,267.09,258.35,262.41,3586649
2026-07-30,TECHX,Technology,262.41,270.63,261.49,263.53,2168074
2026-07-31,TECHX,Technology,263.53,268.21,262.97,263.18,2273819
2026-08-03,TECHX,Technology,263.18,269.63,262.88,268.16,2795262
2026-08-04,TECHX,Technology,268.16,278.54,263.25,277.65,4789161
2026-08-05,TECHX,Technology,277.65,281.52,276.55,280.49,1368744
2026-08-06,TECHX,Technology,280.49,282.86,278.96,279.09,1804432
2026-08-07,TECHX,Technology,279.09,283.85,275.49,278.97,2954750
2026-08-10,TECHX,Technology,278.97,285.49,274.22,284.44,2508422
2026-08-11,TECHX,Technology,284.44,294.31,283.75,293.51,3425956
2026-08-12,TECHX,Technology,293.51,309.82,286.99,304.86,3740948
2026-08-13,TECHX,Technology,304.86,311.5,300.36,306.85,2050541
2026-08-14,TECHX,Technology,306.85,311.74,305.04,308.36,2335163
2026-08-17,TECHX,Technology,308.36,310.02,303.12,304.8,4096725
2026-08-18,TECHX,Technology,304.8,305.47,294.61,298.24,2974624
2026-08-19,TECHX,Technology,298.24,298.93,290.67,294.14,3524126
2026-08-20,TECHX,Technology,294.14,295.56,287.98,291.19,3902983
2026-08-21,TECHX,Technology,291.19,294.65,288.75,293.75,2356516
2026-08-24,TECHX,Technology,293.75,300.71,291.87,297.06,3720942
2026-08-25,TECHX,Technology,297.06,298.8,284.75,284.84,2899198
2026-08-26,TECHX,Technology,284.84,286.74,278.86,279.68,3242073
2026-08-27,TECHX,Technology,279.68,285.61,265.7,267.33,4617406
2026-08-28,TECHX,Technology,267.33,268.66,251.47,252.8,6097191
2026-08-31,TECHX,Technology,252.8,253.77,250.65,251.0,1143979
2026-09-01,TECHX,Technology,251.0,255.56,249.73,255.01,7368042
2026-09-02,TECHX,Technology,255.01,259.41,243.83,244.53,4329559
2026-09-03,TECHX,Technology,244.53,245.57,243.06,244.46,3304739
2026-09-04,TECHX,Technology,244.46,246.29,236.2,237.19,2454773
2026-09-07,TECHX,Technology,237.19,240.17,233.93,235.19,3545894
2026-09-08,TECHX,Technology,235.19,236.98,230.31,231.9,5186801
2026-09-09,TECHX,Technology,231.9,233.45,230.99,231.22,4263318
2023-11-23,GREENE,Energy,62.0,62.42,61.12,61.22,3237371
2023-11-24,GREENE,Energy,61.22,61.49,61.16,61.35,3245650
2023-11-27,GREENE,Energy,61.35,63.68,60.87,63.12,3186880
2023-11-28,GREENE,Energy,63.12,63.66,61.64,62.13,4865433
2023-11-29,GREENE,Energy,62.13,62.26,60.57,61.48,2868504
2023-11-30,GREENE,Energy,61.48,62.87,61.13,62.61,3243512
2023-12-01,GREENE,Energy,62.61,63.65,62.56,63.0,323334
2023-12-04,GREENE,Energy,63.0,63.92,62.13,62.81,3787396
2023-12-05,GREENE,Energy,62.81,64.23,62.27,63.36,4894542
2023-12-06,GREENE,Energy,63.36,64.59,62.72,64.45,2279802
2023-12-07,GREENE,Energy,64.45,64.81,63.22,63.52,2285830
2023-12-08,GREENE,Energy,63.52,65.1,63.32,64.95,2932605
2023-12-11,GREENE,Energy,64.95,65.1,61.76,62.84,3699133
2023-12-12,GREENE,Energy,62.84,63.97,60.82,61.32,3695139
2023-12-13,GREENE,Energy,61.32,63.22,61.02,62.74,3768650
2023-12-14,GREENE,Energy,62.74,63.78,62.33,63.06,3394218
2023-12-15,GREENE,Energy,63.06,63.61,61.14,61.21,3809103
2023-12-18,GREENE,Energy,61.21,62.54,59.17,59.99,4107015
2023-12-19,GREENE,Energy,59.99,60.21,59.47,60.09,3111398
2023-12-20,GREENE,Energy,60.09,61.07,59.91,60.39,2975582
2023-12-21,GREENE,Energy,60.39,60.86,58.13,58.34,5974789
2023-12-22,GREENE,Energy,58.34,59.66,58.09,58.95,1741395
2023-12-25,GREENE,Energy,58.95,60.38,58.9,60.12,4860389
2023-12-26,GREENE,Energy,60.12,60.88,58.45,58.75,4651223
2023-12-27,GREENE,Energy,58.75,60.25,56.94,57.17,4250376
2023-12-28,GREENE,Energy,57.17,58.67,56.96,58.43,4749440
2023-12-29,GREENE,Energy,58.43,58.63,56.39,56.49,4309985
2024-01-01,GREENE,Energy,56.49,56.5,54.74,55.99,2576617
2024-01-02,GREENE,Energy,55.99,56.97,55.96,56.47,3635252
2024-01-03,GREENE,Energy,56.47,56.56,55.66,56.14,2943853
2024-01-04,GREENE,Energy,56.14,56.86,55.85,56.78,3493385
2024-01-05,GREENE,Energy,56.78,58.6,56.19,57.54,2983572
2024-01-08,GREENE,Energy,57.54,58.63,56.83,58.0,2513750
2024-01-09,GREENE,Energy,58.0,58.41,56.82,57.72,2314385
2024-01-10,GREENE,Energy,57.72,57.83,56.55,57.17,2846934
2024-01-11,GREENE,Energy,57.17,57.69,57.12,57.52,2647038
2024-01-12,GREENE,Energy,57.52,57.68,55.09,55.97,3664771
2024-01-15,GREENE,Energy,55.97,56.57,55.33,56.22,4693784
2024-01-16,GREENE,Energy,56.22,57.28,55.85,56.45,4786170
2024-01-17,GREENE,Energy,56.45,57.54,56.33,57.26,3095108
2024-01-18,GREENE,Energy,57.26,58.59,56.25,58.52,2345722
2024-01-19,GREENE,Energy,58.52,58.68,58.32,58.35,4193608
2024-01-22,GREENE,Energy,58.35,58.42,55.4,56.32,4706932
2024-01-23,GREENE,Energy,56.32,56.53,55.81,56.25,4194702
2024-01-24,GREENE,Energy,56.25,57.63,56.18,57.33,4061451
2024-01-25,GREENE,Energy,57.33,57.77,55.78,56.62,4354325
2024-01-26,GREENE,Energy,56.62,56.8,55.25,55.9,3873214
2024-01-29,GREENE,Energy,55.9,57.32,55.31,56.37,2932085
2024-01-30,GREENE,Energy,56.37,56.99,55.89,56.09,3355778
2024-01-31,GREENE,Energy,56.09,56.47,55.39,55.92,4601101
2024-02-01,GREENE,Energy,55.92,56.23,55.21,55.45,2855665
2024-02-02,GREENE,Energy,55.45,55.82,54.39,55.34,4257111
2024-02-05,GREENE,Energy,55.34,55.64,55.29,55.43,3006722
2024-02-06,GREENE,Energy,55.43,56.18,53.71,53.73,4235098
2024-02-07,GREENE,Energy,53.73,55.17,53.5,54.67,3146015
2024-02-08,GREENE,Energy,54.67,56.59,54.62,55.52,2764975
2024-02-09,GREENE,Energy,55.52,56.21,55.17,55.98,2513433
2024-02-12,GREENE,Energy,55.98,56.43,55.46,55.89,2701689
2024-02-13,GREENE,Energy,55.89,56.08,52.49,52.99,2168192
2024-02-14,GREENE,Energy,52.99,53.04,51.21,51.83,3856157
2024-02-15,GREENE,Energy,51.83,52.04,51.07,51.28,2574672
2024-02-16,GREENE,Energy,51.28,52.09,50.06,50.24,3654523
2024-02-19,GREENE,Energy,50.24,50.42,49.74,50.17,3585427
2024-02-20,GREENE,Energy,50.17,50.52,48.56,49.0,2755935
2024-02-21,GREENE,Energy,49.0,49.22,47.31,47.73,4184649
2024-02-22,GREENE,Energy,47.73,48.81,47.25,48.59,3091670
2024-02-23,GREENE,Energy,48.59,49.17,47.41,47.92,4219565
2024-02-26,GREENE,Energy,47.92,49.51,47.75,48.71,4120932
2024-02-27,GREENE,Energy,48.71,51.01,48.04,50.73,1741927
2024-02-28,GREENE,Energy,50.73,52.27,50.56,51.4,3752726
2024-02-29,GREENE,Energy,51.4,51.79,51.3,51.6,4274949
2024-03-01,GREENE,Energy,51.6,51.91,50.38,50.73,4249044
2024-03-04,GREENE,Energy,50.73,51.78,50.19,51.57,2197475
2024-03-05,GREENE,Energy,51.57,53.87,51.23,53.14,5723588
2024-03-06,GREENE,Energy,53.14,53.39,51.24,51.58,4508215
2024-03-07,GREENE,Energy,51.58,51.93,50.0,50.62,4162357
2024-03-08,GREENE,Energy,50.62,51.36,50.24,50.9,4306390
2024-03-11,GREENE,Energy,50.9,51.66,50.71,51.64,1312603
2024-03-12,GREENE,Energy,51.64,52.53,50.08,50.66,3649290
2024-03-13,GREENE,Energy,50.66,52.18,50.58,51.6,4414099
2024-03-14,GREENE,Energy,51.6,52.97,50.83,51.63,3972619
2024-03-15,GREENE,Energy,51.63,51.99,51.29,51.49,2390902
2024-03-18,GREENE,Energy,51.49,52.59,51.21,51.73,3386576
2024-03-19,GREENE,Energy,51.73,52.84,51.56,52.34,3431465
2024-03-20,GREENE,Energy,52.34,52.68,50.98,51.53,4823596
2024-03-21,GREENE,Energy,51.53,51.55,50.92,51.33,4181557
2024-03-22,GREENE,Energy,51.33,52.88,50.93,51.97,2923165
2024-03-25,GREENE,Energy,51.97,52.51,51.87,52.21,2295220
2024-03-26,GREENE,Energy,52.21,53.4,51.78,53.05,4769003
2024-03-27,GREENE,Energy,53.05,54.26,53.02,54.19,4099400
2024-03-28,GREENE,Energy,54.19,54.21,52.34,53.37,4246821
2024-03-29,GREENE,Energy,53.37,54.1,51.74,51.9,3432239
2024-04-01,GREENE,Energy,51.9,52.03,50.67,51.33,827324
2024-04-02,GREENE,Energy,51.33,52.69,50.77,52.53,2412412
2024-04-03,GREENE,Energy,52.53,54.6,51.99,54.14,5007753
2024-04-04,GREENE,Energy,54.14,54.95,54.03,54.49,2184716
2024-04-05,GREENE,Energy,54.49,56.12,54.23,55.59,3863288
2024-04-08,GREENE,Energy,55.59,57.37,55.0,57.37,4278846
2024-04-09,GREENE,Energy,57.37,60.1,57.19,59.55,4399360
2024-04-10,GREENE,Energy,59.55,60.08,58.92,59.52,5111249
2024-04-11,GREENE,Energy,59.52,60.24,58.69,59.75,3333807
2024-04-12,GREENE,Energy,59.75,61.22,59.75,60.96,2870130
2024-04-15,GREENE,Energy,60.96,61.42,59.3,59.79,1856720
2024-04-16,GREENE,Energy,59.79,61.84,59.04,61.52,2208093
2024-04-17,GREENE,Energy,61.52,61.61,59.76,60.04,5509962
2024-04-18,GREENE,Energy,60.04,60.96,59.48,60.82,4537723
2024-04-19,GREENE,Energy,60.82,61.71,59.64,59.79,5032959
2024-04-22,GREENE,Energy,59.79,60.62,59.51,60.55,2965103
2024-04-23,GREENE,Energy,60.55,61.08,60.22,61.04,3035893
2024-04-24,GREENE,Energy,61.04,62.32,60.78,61.15,2148997
2024-04-25,GREENE,Energy,61.15,62.08,58.93,59.9,2070039
2024-04-26,GREENE,Energy,59.9,60.96,58.88,59.16,3472493
2024-04-29,GREENE,Energy,59.16,59.68,59.12,59.61,2041362
2024-04-30,GREENE,Energy,59.61,62.19,58.71,61.19,2519267
2024-05-01,GREENE,Energy,61.19,61.72,60.63,60.91,2431520
2024-05-02,GREENE,Energy,60.91,63.99,60.79,63.31,5160312
2024-05-03,GREENE,Energy,63.31,64.92,62.84,64.59,3569102
2024-05-06,GREENE,Energy,64.59,65.7,63.68,65.62,2567322
2024-05-07,GREENE,Energy,65.62,65.66,64.39,65.56,1765671
2024-05-08,GREENE,Energy,65.56,67.07,64.22,66.18,2836394
2024-05-09,GREENE,Energy,66.18,67.14,66.07,66.79,3126356
2024-05-10,GREENE,Energy,66.79,68.88,66.38,67.34,3318994
2024-05-13,GREENE,Energy,67.34,68.58,66.69,67.1,2713279
2024-05-14,GREENE,Energy,67.1,70.05,66.77,69.53,3699256
2024-05-15,GREENE,Energy,69.53,70.75,68.73,70.61,2834328
2024-05-16,GREENE,Energy,70.61,70.66,69.6,69.87,3660876
2024-05-17,GREENE,Energy,69.87,70.54,67.51,67.66,5318407
2024-05-20,GREENE,Energy,67.66,68.91,67.38,68.23,4494473
2024-05-21,GREENE,Energy,68.23,68.96,66.84,68.9,4098079
2024-05-22,GREENE,Energy,68.9,70.44,68.1,69.64,3543510
2024-05-23,GREENE,Energy,69.64,70.24,69.55,69.85,4536765
2024-05-24,GREENE,Energy,69.85,71.48,69.78,70.75,2510678
2024-05-27,GREENE,Energy,70.75,71.02,69.99,70.29,1968813
2024-05-28,GREENE,Energy,70.29,70.64,68.3,70.15,4921273
2024-05-29,GREENE,Energy,70.15,71.8,70.14,71.56,2256759
2024-05-30,GREENE,Energy,71.56,75.03,71.46,73.77,4891214
2024-05-31,GREENE,Energy,73.77,74.92,73.5,74.03,3207436
2024-06-03,GREENE,Energy,74.03,74.18,73.4,73.46,3109442
2024-06-04,GREENE,Energy,73.46,74.26,72.98,73.55,1863650
2024-06-05,GREENE,Energy,73.55,76.3,72.79,74.88,4859408
2024-06-06,GREENE,Energy,74.88,76.63,74.26,74.5,3060847
2024-06-07,GREENE,Energy,74.5,74.85,72.17,73.18,4110585
2024-06-10,GREENE,Energy,73.18,74.23,71.78,71.99,3172738
2024-06-11,GREENE,Energy,71.99,73.01,71.66,72.66,5095614
2024-06-12,GREENE,Energy,72.66,73.79,72.54,73.75,3002166
2024-06-13,GREENE,Energy,73.75,75.78,73.72,75.35,3573696
2024-06-14,GREENE,Energy,75.35,76.28,74.48,74.7,3148475
2024-06-17,GREENE,Energy,74.7,75.77,73.88,75.4,2377240
2024-06-18,GREENE,Energy,75.4,78.98,75.11,77.76,4283947
2024-06-19,GREENE,Energy,77.76,78.05,75.79,76.68,1116764
2024-06-20,GREENE,Energy,76.68,79.14,76.01,77.4,4803877
2024-06-21,GREENE,Energy,77.4,78.22,76.48,76.62,5252807
2024-06-24,GREENE,Energy,76.62,77.35,73.13,74.12,5889261
2024-06-25,GREENE,Energy,74.12,74.95,72.62,74.02,4486861
2024-06-26,GREENE,Energy,74.02,75.5,73.98,74.95,3144008
2024-06-27,GREENE,Energy,74.95,76.41,74.36,75.43,2133590
2024-06-28,GREENE,Energy,75.43,77.54,74.96,77.33,5189978
2024-07-01,GREENE,Energy,77.33,77.35,75.45,75.81,1838177
2024-07-02,GREENE,Energy,75.81,78.04,74.55,76.31,3128782
2024-07-03,GREENE,Energy,76.31,77.31,76.24,77.22,2005424
2024-07-04,GREENE,Energy,77.22,78.11,75.7,77.58,4224777
2024-07-05,GREENE,Energy,77.58,78.98,77.42,78.95,4527040
2024-07-08,GREENE,Energy,78.95,79.94,78.74,79.3,4329223
2024-07-09,GREENE,Energy,79.3,79.93,78.39,79.79,3419195
2024-07-10,GREENE,Energy,79.79,80.25,78.05,78.62,2278300
2024-07-11,GREENE,Energy,78.62,82.64,77.27,81.66,2486624
2024-07-12,GREENE,Energy,81.66,82.75,81.15,81.8,2202944
2024-07-15,GREENE,Energy,81.8,83.96,81.01,83.66,4187601
2024-07-16,GREENE,Energy,83.66,88.32,82.71,87.16,5382142
2024-07-17,GREENE,Energy,87.16,87.95,85.41,85.67,3178130
2024-07-18,GREENE,Energy,85.67,86.22,82.87,84.43,3347025
2024-07-19,GREENE,Energy,84.43,86.26,83.84,85.65,4434056
2024-07-22,GREENE,Energy,85.65,85.97,83.58,83.61,3692811
2024-07-23,GREENE,Energy,83.61,83.91,82.85,83.37,3743877
2024-07-24,GREENE,Energy,83.37,83.58,81.04,81.93,4333173
2024-07-25,GREENE,Energy,81.93,82.18,78.51,79.93,3633932
2024-07-26,GREENE,Energy,79.93,83.4,79.33,82.7,4707176
2024-07-29,GREENE,Energy,82.7,83.17,80.0,80.43,2961036
2024-07-30,GREENE,Energy,80.43,80.97,79.82,80.12,3339866
2024-07-31,GREENE,Energy,80.12,80.39,79.58,79.67,3567728
2024-08-01,GREENE,Energy,79.67,79.8,78.28,78.99,3171414
2024-08-02,GREENE,Energy,78.99,79.78,77.68,77.86,3553965
2024-08-05,GREENE,Energy,77.86,79.3,77.58,78.99,3900989
2024-08-06,GREENE,Energy,78.99,80.25,78.89,79.66,3551507
2024-08-07,GREENE,Energy,79.66,81.2,79.54,79.7,5012409
2024-08-08,GREENE,Energy,79.7,80.22,78.95,79.21,3440753
2024-08-09,GREENE,Energy,79.21,81.86,78.69,80.95,4149208
2024-08-12,GREENE,Energy,80.95,81.19,80.02,80.77,3850448
2024-08-13,GREENE,Energy,80.77,81.37,79.1,79.14,3560356
2024-08-14,GREENE,Energy,79.14,79.39,78.29,79.28,2964839
2024-08-15,GREENE,Energy,79.28,79.56,77.59,77.71,4755147
2024-08-16,GREENE,Energy,77.71,79.19,75.97,78.59,3529892
2024-08-19,GREENE,Energy,78.59,80.53,78.21,80.42,4457264
2024-08-20,GREENE,Energy,80.42,83.0,79.79,82.22,3201629
2024-08-21,GREENE,Energy,82.22,82.46,80.72,81.41,3021083
2024-08-22,GREENE,Energy,81.41,84.08,80.73,83.0,2598581
2024-08-23,GREENE,Energy,83.0,83.23,82.43,82.82,4288730
2024-08-26,GREENE,Energy,82.82,83.52,81.75,83.49,1932457
2024-08-27,GREENE,Energy,83.49,85.55,82.73,83.94,2982442
2024-08-28,GREENE,Energy,83.94,90.72,83.81,88.88,4269912
2024-08-29,GREENE,Energy,88.88,91.89,87.57,90.5,1596317
2024-08-30,GREENE,Energy,90.5,90.98,89.13,89.53,4305072
2024-09-02,GREENE,Energy,89.53,91.39,86.95,87.63,2636909
2024-09-03,GREENE,Energy,87.63,87.74,83.88,84.48,3720957
2024-09-04,GREENE,Energy,84.48,84.6,83.54,83.82,1898841
2024-09-05,GREENE,Energy,83.82,84.21,82.53,82.77,3465478
2024-09-06,GREENE,Energy,82.77,82.91,79.73,81.32,3603437
2024-09-09,GREENE,Energy,81.32,84.56,80.9,83.45,3984954
2024-09-10,GREENE,Energy,83.45,85.71,82.93,85.36,1453435
2024-09-11,GREENE,Energy,85.36,87.13,85.15,85.56,3033871
2024-09-12,GREENE,Energy,85.56,86.1,84.93,86.09,3926427
2024-09-13,GREENE,Energy,86.09,86.49,85.33,86.47,4322179
2024-09-16,GREENE,Energy,86.47,87.98,85.69,87.54,2804641
2024-09-17,GREENE,Energy,87.54,88.14,84.97,86.34,3799045
2024-09-18,GREENE,Energy,86.34,87.3,81.97,83.53,3683813
2024-09-19,GREENE,Energy,83.53,83.78,82.56,83.34,1980867
2024-09-20,GREENE,Energy,83.34,84.49,83.1,84.07,2357658
2024-09-23,GREENE,Energy,84.07,85.37,83.63,84.38,2705781
2024-09-24,GREENE,Energy,84.38,84.99,84.37,84.8,2815868
2024-09-25,GREENE,Energy,84.8,84.96,83.83,84.58,2128391
2024-09-26,GREENE,Energy,84.58,85.8,81.6,82.5,3762003
2024-09-27,GREENE,Energy,82.5,82.89,81.19,81.21,1382333
2024-09-30,GREENE,Energy,81.21,82.8,80.49,82.2,3707599
2024-10-01,GREENE,Energy,82.2,82.27,80.05,80.97,1552736
2024-10-02,GREENE,Energy,80.97,81.06,80.15,80.44,2034816
2024-10-03,GREENE,Energy,80.44,80.64,79.86,79.89,3336340
2024-10-04,GREENE,Energy,79.89,80.74,78.13,78.96,3759632
2024-10-07,GREENE,Energy,78.96,81.02,78.82,80.67,2962267
2024-10-08,GREENE,Energy,80.67,83.26,79.97,82.21,3044860
2024-10-09,GREENE,Energy,82.21,84.36,81.49,84.08,3214322
2024-10-10,GREENE,Energy,84.08,84.61,82.45,83.18,1915956
2024-10-11,GREENE,Energy,83.18,86.26,82.36,85.62,3190092
2024-10-14,GREENE,Energy,85.62,86.73,85.02,85.42,3507634
2024-10-15,GREENE,Energy,85.42,88.32,85.14,87.45,3407480
2024-10-16,GREENE,Energy,87.45,87.92,84.73,85.29,3382747
2024-10-17,GREENE,Energy,85.29,85.9,84.62,84.63,2979585
2024-10-18,GREENE,Energy,84.63,85.18,83.86,84.1,4714228
2024-10-21,GREENE,Energy,84.1,85.1,83.04,84.34,3215331
2024-10-22,GREENE,Energy,84.34,85.46,82.16,82.71,4703250
2024-10-23,GREENE,Energy,82.71,84.34,81.57,84.16,3218622
2024-10-24,GREENE,Energy,84.16,84.78,82.76,84.65,2301272
2024-10-25,GREENE,Energy,84.65,85.06,82.91,84.58,2871290
2024-10-28,GREENE,Energy,84.58,85.49,84.06,84.84,3608189
2024-10-29,GREENE,Energy,84.84,86.29,83.35,83.65,4338399
2024-10-30,GREENE,Energy,83.65,86.33,83.33,85.78,4022901
2024-10-31,GREENE,Energy,85.78,85.88,83.68,84.96,2317122
2024-11-01,GREENE,Energy,84.96,87.71,83.94,87.46,2142587
2024-11-04,GREENE,Energy,87.46,89.0,86.35,88.42,3476614
2024-11-05,GREENE,Energy,88.42,90.74,87.22,90.06,3350751
2024-11-06,GREENE,Energy,90.06,90.5,89.18,89.95,2974196
2024-11-07,GREENE,Energy,89.95,93.18,89.67,92.99,1968586
2024-11-08,GREENE,Energy,92.99,93.27,91.79,92.59,3534515
2024-11-11,GREENE,Energy,92.59,92.73,90.11,90.66,5104268
2024-11-12,GREENE,Energy,90.66,92.78,90.61,92.15,3788264
2024-11-13,GREENE,Energy,92.15,95.39,91.86,94.26,2726742
2024-11-14,GREENE,Energy,94.26,95.99,93.75,94.94,897780
2024-11-15,GREENE,Energy,94.94,95.72,93.81,94.27,3575489
2024-11-18,GREENE,Energy,94.27,95.36,93.4,93.83,2332632
2024-11-19,GREENE,Energy,93.83,98.06,93.34,97.56,3228064
2024-11-20,GREENE,Energy,97.56,97.77,96.46,97.44,3200035
2024-11-21,GREENE,Energy,97.44,99.09,96.15,96.19,4069107
2024-11-22,GREENE,Energy,96.19,96.51,94.91,95.18,1408957
2024-11-25,GREENE,Energy,95.18,99.81,94.84,98.67,2597091
2024-11-26,GREENE,Energy,98.67,99.4,98.35,99.32,3341347
2024-11-27,GREENE,Energy,99.32,101.57,98.82,100.27,2211716
2024-11-28,GREENE,Energy,100.27,104.29,97.42,102.77,2385451
2024-11-29,GREENE,Energy,102.77,105.19,102.26,103.26,2602309
2024-12-02,GREENE,Energy,103.26,107.62,101.69,106.87,3297558
2024-12-03,GREENE,Energy,106.87,107.6,101.2,103.12,3876626
2024-12-04,GREENE,Energy,103.12,103.41,97.83,99.3,4308675
2024-12-05,GREENE,Energy,99.3,99.33,97.78,97.8,3840326
2024-12-06,GREENE,Energy,97.8,98.32,93.11,95.43,2904219
2024-12-09,GREENE,Energy,95.43,95.98,94.61,94.63,1851431
2024-12-10,GREENE,Energy,94.63,94.8,92.92,92.99,2822445
2024-12-11,GREENE,Energy,92.99,93.57,91.79,92.22,3113602
2024-12-12,GREENE,Energy,92.22,97.09,90.69,95.86,4874864
2024-12-13,GREENE,Energy,95.86,96.14,94.06,94.73,3027651
2024-12-16,GREENE,Energy,94.73,98.2,93.99,97.49,2128084
2024-12-17,GREENE,Energy,97.49,99.98,94.82,95.51,4488706
2024-12-18,GREENE,Energy,95.51,96.63,95.49,96.44,2564787
2024-12-19,GREENE,Energy,96.44,97.5,95.04,96.83,3376553
2024-12-20,GREENE,Energy,96.83,98.86,96.22,98.5,6293839
2024-12-23,GREENE,Energy,98.5,98.85,97.7,98.35,3200531
2024-12-24,GREENE,Energy,98.35,99.38,97.45,99.21,3407066
2024-12-25,GREENE,Energy,99.21,102.27,98.35,101.86,3382361
2024-12-26,GREENE,Energy,101.86,103.53,100.98,103.27,3652099
2024-12-27,GREENE,Energy,103.27,103.86,101.3,101.47,3723679
2024-12-30,GREENE,Energy,101.47,102.43,98.83,99.34,2763306
2024-12-31,GREENE,Energy,99.34,99.47,96.24,96.63,3778682
2025-01-01,GREENE,Energy,96.63,98.37,95.7,96.04,2858706
2025-01-02,GREENE,Energy,96.04,97.78,94.58,97.17,1400370
2025-01-03,GREENE,Energy,97.17,99.7,96.42,99.5,3661635
2025-01-06,GREENE,Energy,99.5,101.94,98.52,101.58,4994222
2025-01-07,GREENE,Energy,101.58,101.78,100.29,101.42,2098458
2025-01-08,GREENE,Energy,101.42,103.09,101.29,102.54,3337689
2025-01-09,GREENE,Energy,102.54,103.26,98.6,99.81,4605816
2025-01-10,GREENE,Energy,99.81,100.03,99.48,99.74,4245491
2025-01-13,GREENE,Energy,99.74,99.95,98.4,99.42,2359371
2025-01-14,GREENE,Energy,99.42,103.66,97.96,102.25,3271228
2025-01-15,GREENE,Energy,102.25,103.99,101.43,101.85,2129708
2025-01-16,GREENE,Energy,101.85,101.97,99.9,100.77,3455497
2025-01-17,GREENE,Energy,100.77,102.37,99.97,101.37,4838273
2025-01-20,GREENE,Energy,101.37,102.88,99.85,100.07,3310277
2025-01-21,GREENE,Energy,100.07,103.21,99.97,102.04,3067604
2025-01-22,GREENE,Energy,102.04,102.35,101.16,101.98,3018382
2025-01-23,GREENE,Energy,101.98,104.67,101.63,103.15,3583340
2025-01-24,GREENE,Energy,103.15,105.6,100.02,100.37,3542834
2025-01-27,GREENE,Energy,100.37,100.59,99.43,99.48,4299781
2025-01-28,GREENE,Energy,99.48,100.35,98.6,99.68,2848333
2025-01-29,GREENE,Energy,99.68,101.1,99.1,100.66,3318801
2025-01-30,GREENE,Energy,100.66,101.16,100.42,100.73,1354076
2025-01-31,GREENE,Energy,100.73,101.45,99.71,99.98,2942503
2025-02-03,GREENE,Energy,99.98,102.45,98.59,101.8,3270149
2025-02-04,GREENE,Energy,101.8,102.68,100.79,100.95,3671344
2025-02-05,GREENE,Energy,100.95,101.25,99.3,100.97,2696421
2025-02-06,GREENE,Energy,100.97,101.99,100.21,101.52,2580645
2025-02-07,GREENE,Energy,101.52,101.85,98.56,100.69,2510418
2025-02-10,GREENE,Energy,100.69,100.74,99.62,99.97,3421049
2025-02-11,GREENE,Energy,99.97,104.56,97.82,102.32,3034087
2025-02-12,GREENE,Energy,102.32,105.85,99.55,104.38,4080567
2025-02-13,GREENE,Energy,104.38,105.91,103.46,104.88,2208675
2025-02-14,GREENE,Energy,104.88,105.73,104.42,105.13,439072
2025-02-17,GREENE,Energy,105.13,106.2,103.32,103.55,2818117
2025-02-18,GREENE,Energy,103.55,106.84,103.51,105.08,3916111
2025-02-19,GREENE,Energy,105.08,109.11,104.78,108.64,1748951
2025-02-20,GREENE,Energy,108.64,109.46,104.0,104.0,5446328
2025-02-21,GREENE,Energy,104.0,104.49,99.77,101.47,4034941
2025-02-24,GREENE,Energy,101.47,102.03,100.04,102.02,4401593
2025-02-25,GREENE,Energy,102.02,102.48,99.52,100.94,2102799
2025-02-26,GREENE,Energy,100.94,103.91,99.62,103.59,3544374
2025-02-27,GREENE,Energy,103.59,104.42,99.66,100.19,4579691
2025-02-28,GREENE,Energy,100.19,101.67,100.05,100.28,5010592
2025-03-03,GREENE,Energy,100.28,101.26,99.31,101.21,3426238
2025-03-04,GREENE,Energy,101.21,102.63,101.0,101.63,4063118
2025-03-05,GREENE,Energy,101.63,102.93,100.06,100.14,2458949
2025-03-06,GREENE,Energy,100.14,102.24,99.46,101.98,3139431
2025-03-07,GREENE,Energy,101.98,102.43,101.64,101.91,1210541
2025-03-10,GREENE,Energy,101.91,102.76,99.78,99.9,2928822
2025-03-11,GREENE,Energy,99.9,100.87,95.72,97.49,3468610
2025-03-12,GREENE,Energy,97.49,98.34,96.42,96.48,3603679
2025-03-13,GREENE,Energy,96.48,101.52,95.47,100.16,5056436
2025-03-14,GREENE,Energy,100.16,100.34,98.38,98.79,3512302
2025-03-17,GREENE,Energy,98.79,102.07,98.34,101.51,3188865
2025-03-18,GREENE,Energy,101.51,101.7,97.77,98.84,1967733
2025-03-19,GREENE,Energy,98.84,98.96,96.15,97.01,2626840
2025-03-20,GREENE,Energy,97.01,98.2,95.46,96.3,3843070
2025-03-21,GREENE,Energy,96.3,97.69,93.54,94.08,4335854
2025-03-24,GREENE,Energy,94.08,94.47,93.74,93.78,1464808
2025-03-25,GREENE,Energy,93.78,94.98,93.44,94.65,4196035
2025-03-26,GREENE,Energy,94.65,95.61,92.64,92.77,3126372
2025-03-27,GREENE,Energy,92.77,92.86,91.75,92.77,2031675
2025-03-28,GREENE,Energy,92.77,93.64,91.05,91.54,4216687
2025-03-31,GREENE,Energy,91.54,94.72,90.98,94.37,2448013
2025-04-01,GREENE,Energy,94.37,95.87,93.97,95.69,2689625
2025-04-02,GREENE,Energy,95.69,96.13,91.15,92.87,3354968
2025-04-03,GREENE,Energy,92.87,94.65,91.24,94.48,4466781
2025-04-04,GREENE,Energy,94.48,94.51,93.37,93.41,1719399
2025-04-07,GREENE,Energy,93.41,93.88,90.18,91.86,3445047
2025-04-08,GREENE,Energy,91.86,93.25,91.16,91.49,3763330
2025-04-09,GREENE,Energy,91.49,92.17,91.0,91.9,3741850
2025-04-10,GREENE,Energy,91.9,93.13,91.67,92.44,4269401
2025-04-11,GREENE,Energy,92.44,94.19,91.06,91.49,3279722
2025-04-14,GREENE,Energy,91.49,91.67,89.0,90.42,2743458
2025-04-15,GREENE,Energy,90.42,90.53,87.88,88.68,4133176
2025-04-16,GREENE,Energy,88.68,90.31,84.7,84.93,3079673
2025-04-17,GREENE,Energy,84.93,85.34,84.42,85.2,3260204
2025-04-18,GREENE,Energy,85.2,85.51,83.78,84.3,1854758
2025-04-21,GREENE,Energy,84.3,85.0,83.91,84.56,3828392
2025-04-22,GREENE,Energy,84.56,85.49,83.92,85.09,1866976
2025-04-23,GREENE,Energy,85.09,85.82,82.93,83.74,4335333
2025-04-24,GREENE,Energy,83.74,85.32,83.08,84.51,3556870
2025-04-25,GREENE,Energy,84.51,85.15,84.26,84.35,2692890
2025-04-28,GREENE,Energy,84.35,85.88,83.84,85.21,3183846
2025-04-29,GREENE,Energy,85.21,87.12,83.47,83.62,4077433
2025-04-30,GREENE,Energy,83.62,85.52,83.35,84.05,1044567
2025-05-01,GREENE,Energy,84.05,86.99,83.1,86.15,4623222
2025-05-02,GREENE,Energy,86.15,87.03,84.52,84.79,2523448
2025-05-05,GREENE,Energy,84.79,85.35,83.43,84.98,1010403
2025-05-06,GREENE,Energy,84.98,85.79,84.56,85.36,3756252
2025-05-07,GREENE,Energy,85.36,87.41,85.1,87.2,4044157
2025-05-08,GREENE,Energy,87.2,87.37,84.68,85.1,4306468
2025-05-09,GREENE,Energy,85.1,85.69,81.52,82.17,3941759
2025-05-12,GREENE,Energy,82.17,84.03,81.8,82.91,2737032
2025-05-13,GREENE,Energy,82.91,84.89,81.97,84.66,3809964
2025-05-14,GREENE,Energy,84.66,85.68,81.77,82.93,4183497
2025-05-15,GREENE,Energy,82.93,86.15,82.3,84.74,4752103
2025-05-16,GREENE,Energy,84.74,85.62,83.25,83.89,3647073
2025-05-19,GREENE,Energy,83.89,84.38,83.65,84.09,4233025
2025-05-20,GREENE,Energy,84.09,86.5,83.45,86.08,4119445
2025-05-21,GREENE,Energy,86.08,86.67,84.33,85.4,4198081
2025-05-22,GREENE,Energy,85.4,85.62,82.96,83.6,4088560
2025-05-23,GREENE,Energy,83.6,84.8,83.26,83.58,2484050
2025-05-26,GREENE,Energy,83.58,84.94,83.28,84.94,2416334
2025-05-27,GREENE,Energy,84.94,85.29,83.42,84.07,4877913
2025-05-28,GREENE,Energy,84.07,84.89,81.27,82.89,2142289
2025-05-29,GREENE,Energy,82.89,83.9,80.33,81.49,3826420
2025-05-30,GREENE,Energy,81.49,81.77,80.7,81.21,3328536
2025-06-02,GREENE,Energy,81.21,82.25,80.34,82.2,4339007
2025-06-03,GREENE,Energy,82.2,82.89,81.23,81.36,2356303
2025-06-04,GREENE,Energy,81.36,81.61,80.53,80.78,2316696
2025-06-05,GREENE,Energy,80.78,81.57,79.75,80.11,5193828
2025-06-06,GREENE,Energy,80.11,82.68,79.11,81.84,4325917
2025-06-09,GREENE,Energy,81.84,82.25,81.67,81.8,3867815
2025-06-10,GREENE,Energy,81.8,83.22,81.25,82.57,2608909
2025-06-11,GREENE,Energy,82.57,83.15,82.4,82.92,3816550
2025-06-12,GREENE,Energy,82.92,84.37,80.07,81.4,2823013
2025-06-13,GREENE,Energy,81.4,82.41,81.33,81.98,3114961
2025-06-16,GREENE,Energy,81.98,82.79,80.95,82.61,3989448
2025-06-17,GREENE,Energy,82.61,84.68,82.56,83.95,3081387
2025-06-18,GREENE,Energy,83.95,84.22,82.06,82.46,4098211
2025-06-19,GREENE,Energy,82.46,83.74,80.25,80.9,3679879
2025-06-20,GREENE,Energy,80.9,82.51,80.28,82.09,2115733
2025-06-23,GREENE,Energy,82.09,84.28,81.65,84.27,3310485
2025-06-24,GREENE,Energy,84.27,85.98,83.7,85.53,3135807
2025-06-25,GREENE,Energy,85.53,86.93,83.32,83.75,4371757
2025-06-26,GREENE,Energy,83.75,84.85,83.75,84.1,3829235
2025-06-27,GREENE,Energy,84.1,85.0,83.08,83.85,3918526
2025-06-30,GREENE,Energy,83.85,84.66,82.73,83.19,3376713
2025-07-01,GREENE,Energy,83.19,85.68,83.18,84.04,3399297
2025-07-02,GREENE,Energy,84.04,85.02,83.34,83.65,4332825
2025-07-03,GREENE,Energy,83.65,84.36,82.14,83.36,4297153
2025-07-04,GREENE,Energy,83.36,83.55,81.5,81.76,3970375
2025-07-07,GREENE,Energy,81.76,83.42,81.71,82.8,1302677
2025-07-08,GREENE,Energy,82.8,85.37,82.76,84.98,3295077
2025-07-09,GREENE,Energy,84.98,88.98,84.97,86.77,3393425
2025-07-10,GREENE,Energy,86.77,88.12,85.41,86.09,3924139
2025-07-11,GREENE,Energy,86.09,87.67,85.58,86.68,2467876
2025-07-14,GREENE,Energy,86.68,88.76,85.48,88.43,2919565
2025-07-15,GREENE,Energy,88.43,89.75,87.89,89.08,399361
2025-07-16,GREENE,Energy,89.08,90.94,87.46,89.95,486322
2025-07-17,GREENE,Energy,89.95,91.41,89.77,91.3,4761892
2025-07-18,GREENE,Energy,91.3,93.73,90.16,92.39,3250875
2025-07-21,GREENE,Energy,92.39,92.58,89.54,89.74,4382259
2025-07-22,GREENE,Energy,89.74,90.35,89.17,89.85,4987650
2025-07-23,GREENE,Energy,89.85,90.61,89.17,89.37,2374083
2025-07-24,GREENE,Energy,89.37,92.03,88.92,91.79,3133743
2025-07-25,GREENE,Energy,91.79,93.15,91.26,93.02,4978625
2025-07-28,GREENE,Energy,93.02,93.05,91.08,91.62,1715749
2025-07-29,GREENE,Energy,91.62,93.33,90.94,92.45,2287997
2025-07-30,GREENE,Energy,92.45,94.57,91.73,93.64,3558348
2025-07-31,GREENE,Energy,93.64,94.12,92.05,93.29,2441822
2025-08-01,GREENE,Energy,93.29,93.84,90.93,91.58,2458399
2025-08-04,GREENE,Energy,91.58,91.98,89.17,89.24,3877599
2025-08-05,GREENE,Energy,89.24,91.23,89.09,90.8,3217181
2025-08-06,GREENE,Energy,90.8,92.72,90.7,91.67,2775401
2025-08-07,GREENE,Energy,91.67,92.86,89.53,90.07,4012205
2025-08-08,GREENE,Energy,90.07,91.15,88.93,91.04,2785695
2025-08-11,GREENE,Energy,91.04,92.68,90.54,92.64,4030617
2025-08-12,GREENE,Energy,92.64,93.67,92.58,93.37,3150338
2025-08-13,GREENE,Energy,93.37,98.45,92.76,97.42,4176923
2025-08-14,GREENE,Energy,97.42,99.68,97.39,99.22,3130986
2025-08-15,GREENE,Energy,99.22,102.05,98.93,99.12,2582012
2025-08-18,GREENE,Energy,99.12,102.02,98.06,102.0,3642301
2025-08-19,GREENE,Energy,102.0,102.43,99.86,100.12,4431482
2025-08-20,GREENE,Energy,100.12,100.15,97.52,98.73,4033287
2025-08-21,GREENE,Energy,98.73,100.14,98.73,99.69,3636134
2025-08-22,GREENE,Energy,99.69,102.88,99.57,102.61,2496202
2025-08-25,GREENE,Energy,102.61,102.7,100.05,101.05,3106735
2025-08-26,GREENE,Energy,101.05,101.42,100.18,100.66,3365959
2025-08-27,GREENE,Energy,100.66,101.82,97.4,97.99,4424930
2025-08-28,GREENE,Energy,97.99,98.58,95.21,95.79,3946951
2025-08-29,GREENE,Energy,95.79,96.0,93.11,94.11,3160658
2025-09-01,GREENE,Energy,94.11,96.58,94.1,95.89,2444122
2025-09-02,GREENE,Energy,95.89,97.06,93.89,97.05,4060595
2025-09-03,GREENE,Energy,97.05,98.1,96.09,97.04,141007
2025-09-04,GREENE,Energy,97.04,97.82,95.57,97.57,2211304
2025-09-05,GREENE,Energy,97.57,102.73,96.93,102.45,3380051
2025-09-08,GREENE,Energy,102.45,102.6,98.4,98.63,3426343
2025-09-09,GREENE,Energy,98.63,98.87,98.34,98.47,1887179
2025-09-10,GREENE,Energy,98.47,101.11,96.65,99.37,3933598
2025-09-11,GREENE,Energy,99.37,100.37,98.12,100.32,2542957
2025-09-12,GREENE,Energy,100.32,101.76,99.22,99.88,3711338
2025-09-15,GREENE,Energy,99.88,102.88,99.2,102.49,1543968
2025-09-16,GREENE,Energy,102.49,104.5,102.21,103.75,3049618
2025-09-17,GREENE,Energy,103.75,107.09,103.16,106.25,3279826
2025-09-18,GREENE,Energy,106.25,106.43,105.19,105.99,3045850
2025-09-19,GREENE,Energy,105.99,106.22,105.84,105.92,3739839
2025-09-22,GREENE,Energy,105.92,108.74,105.09,107.72,2195447
2025-09-23,GREENE,Energy,107.72,109.51,105.87,108.9,3354586
2025-09-24,GREENE,Energy,108.9,109.65,106.71,108.03,2566672
2025-09-25,GREENE,Energy,108.03,108.1,105.85,106.5,3196875
2025-09-26,GREENE,Energy,106.5,109.3,104.41,108.78,2955391
2025-09-29,GREENE,Energy,108.78,109.25,105.18,107.72,5705488
2025-09-30,GREENE,Energy,107.72,108.94,106.58,108.8,5516334
2025-10-01,GREENE,Energy,108.8,111.49,108.67,110.55,3242010
2025-10-02,GREENE,Energy,110.55,111.37,108.97,109.64,1901053
2025-10-03,GREENE,Energy,109.64,111.31,109.35,109.54,2990226
2025-10-06,GREENE,Energy,109.54,110.39,106.5,109.87,4326997
2025-10-07,GREENE,Energy,109.87,110.1,106.87,107.45,2454304
2025-10-08,GREENE,Energy,107.45,107.87,104.26,104.9,4605652
2025-10-09,GREENE,Energy,104.9,108.14,104.1,106.82,3929336
2025-10-10,GREENE,Energy,106.82,108.54,106.08,108.08,4867950
2025-10-13,GREENE,Energy,108.08,109.19,107.28,108.57,1971061
2025-10-14,GREENE,Energy,108.57,108.69,106.47,107.5,3226843
2025-10-15,GREENE,Energy,107.5,108.58,103.64,104.27,4393634
2025-10-16,GREENE,Energy,104.27,105.23,102.62,103.58,2805867
2025-10-17,GREENE,Energy,103.58,105.7,103.12,104.82,2150215
2025-10-20,GREENE,Energy,104.82,106.15,104.33,105.37,4367877
2025-10-21,GREENE,Energy,105.37,107.13,104.16,106.98,3580440
2025-10-22,GREENE,Energy,106.98,109.44,105.68,109.07,4813899
2025-10-23,GREENE,Energy,109.07,112.69,108.49,112.38,5310100
2025-10-24,GREENE,Energy,112.38,113.84,111.93,113.33,3432092
2025-10-27,GREENE,Energy,113.33,113.48,109.65,110.74,1215602
2025-10-28,GREENE,Energy,110.74,115.0,110.29,113.85,4271176
2025-10-29,GREENE,Energy,113.85,115.16,112.84,113.9,1746292
2025-10-30,GREENE,Energy,113.9,115.36,113.81,115.15,2550424
2025-10-31,GREENE,Energy,115.15,119.93,114.38,118.82,2257434
2025-11-03,GREENE,Energy,118.82,119.28,117.78,118.04,4343856
2025-11-04,GREENE,Energy,118.04,120.81,117.69,119.77,1954247
2025-11-05,GREENE,Energy,119.77,120.91,119.34,119.39,3539033
2025-11-06,GREENE,Energy,119.39,120.5,118.62,118.75,3418118
2025-11-07,GREENE,Energy,118.75,119.01,116.41,117.4,4372864
2025-11-10,GREENE,Energy,117.4,118.94,115.22,116.83,3041804
2025-11-11,GREENE,Energy,116.83,119.02,113.23,114.75,2014001
2025-11-12,GREENE,Energy,114.75,117.77,114.35,117.64,1203647
2025-11-13,GREENE,Energy,117.64,118.58,114.86,115.15,3353006
2025-11-14,GREENE,Energy,115.15,118.08,114.93,116.37,3321322
2025-11-17,GREENE,Energy,116.37,119.34,114.17,116.82,3726723
2025-11-18,GREENE,Energy,116.82,117.42,115.94,116.63,2995338
2025-11-19,GREENE,Energy,116.63,121.48,115.78,118.17,2473037
2025-11-20,GREENE,Energy,118.17,118.65,115.42,117.31,2859205
2025-11-21,GREENE,Energy,117.31,120.27,116.21,118.91,3812910
2025-11-24,GREENE,Energy,118.91,119.06,115.69,117.38,4035471
2025-11-25,GREENE,Energy,117.38,117.7,117.3,117.45,2550750
2025-11-26,GREENE,Energy,117.45,119.61,112.89,113.05,4365442
2025-11-27,GREENE,Energy,113.05,113.79,112.78,112.97,1568563
2025-11-28,GREENE,Energy,112.97,118.96,111.92,117.65,3465875
2025-12-01,GREENE,Energy,117.65,120.44,116.34,120.42,4907958
2025-12-02,GREENE,Energy,120.42,122.65,119.65,122.06,5714050
2025-12-03,GREENE,Energy,122.06,127.69,120.27,126.91,4408024
2025-12-04,GREENE,Energy,126.91,130.05,126.71,128.1,2438751
2025-12-05,GREENE,Energy,128.1,131.31,125.71,130.06,3345061
2025-12-08,GREENE,Energy,130.06,132.96,129.2,132.74,3862361
2025-12-09,GREENE,Energy,132.74,133.93,131.28,133.61,2094929
2025-12-10,GREENE,Energy,133.61,135.39,133.44,135.36,2894349
2025-12-11,GREENE,Energy,135.36,136.64,134.27,134.68,1866103
2025-12-12,GREENE,Energy,134.68,136.78,134.64,136.53,4937241
2025-12-15,GREENE,Energy,136.53,136.89,135.08,136.54,2802968
2025-12-16,GREENE,Energy,136.54,140.02,136.29,138.09,3371879
2025-12-17,GREENE,Energy,138.09,139.54,137.67,138.25,4369866
2025-12-18,GREENE,Energy,138.25,138.42,135.73,135.83,2322694
2025-12-19,GREENE,Energy,135.83,141.11,135.81,138.22,3941283
2025-12-22,GREENE,Energy,138.22,139.38,135.96,138.49,2401152
2025-12-23,GREENE,Energy,138.49,140.61,134.93,135.07,3218991
2025-12-24,GREENE,Energy,135.07,138.67,134.14,137.29,3463019
2025-12-25,GREENE,Energy,137.29,140.52,136.98,139.89,3534974
2025-12-26,GREENE,Energy,139.89,141.21,138.59,140.95,3226496
2025-12-29,GREENE,Energy,140.95,141.05,137.68,138.28,6085718
2025-12-30,GREENE,Energy,138.28,140.03,138.07,138.24,3476246
2025-12-31,GREENE,Energy,138.24,143.21,136.27,142.46,4647144
2026-01-01,GREENE,Energy,142.46,143.02,138.65,138.97,3511889
2026-01-02,GREENE,Energy,138.97,141.62,138.63,140.75,3293160
2026-01-05,GREENE,Energy,140.75,141.31,140.2,141.19,3852472
2026-01-06,GREENE,Energy,141.19,142.82,139.18,142.24,3227123
2026-01-07,GREENE,Energy,142.24,144.47,141.36,143.53,2580758
2026-01-08,GREENE,Energy,143.53,144.22,140.78,142.1,2842554
2026-01-09,GREENE,Energy,142.1,144.64,141.94,144.48,3186111
2026-01-12,GREENE,Energy,144.48,146.91,141.52,146.48,2480217
2026-01-13,GREENE,Energy,146.48,148.61,145.33,147.91,3222878
2026-01-14,GREENE,Energy,147.91,152.23,147.66,148.33,2028402
2026-01-15,GREENE,Energy,148.33,151.9,148.21,149.12,3142576
2026-01-16,GREENE,Energy,149.12,152.64,148.44,151.31,3201370
2026-01-19,GREENE,Energy,151.31,152.85,148.87,149.28,2052351
2026-01-20,GREENE,Energy,149.28,150.62,147.5,148.23,4882418
2026-01-21,GREENE,Energy,148.23,150.7,144.65,144.82,3569416
2026-01-22,GREENE,Energy,144.82,146.03,144.56,145.44,3446293
2026-01-23,GREENE,Energy,145.44,150.83,144.96,148.23,3680939
2026-01-26,GREENE,Energy,148.23,150.54,145.0,145.84,3345008
2026-01-27,GREENE,Energy,145.84,148.14,143.41,147.35,2831888
2026-01-28,GREENE,Energy,147.35,150.6,146.23,150.14,4413588
2026-01-29,GREENE,Energy,150.14,150.83,149.11,149.31,3857791
2026-01-30,GREENE,Energy,149.31,156.93,147.75,155.77,3425496
2026-02-02,GREENE,Energy,155.77,155.86,152.81,152.96,2322628
2026-02-03,GREENE,Energy,152.96,153.51,152.04,152.54,3529990
2026-02-04,GREENE,Energy,152.54,154.1,151.83,153.4,2007576
2026-02-05,GREENE,Energy,153.4,158.4,153.08,158.38,2727199
2026-02-06,GREENE,Energy,158.38,168.43,157.77,166.82,4811464
2026-02-09,GREENE,Energy,166.82,170.14,164.1,168.69,3765264
2026-02-10,GREENE,Energy,168.69,169.08,165.09,165.55,5585112
2026-02-11,GREENE,Energy,165.55,167.34,161.19,161.45,4497664
2026-02-12,GREENE,Energy,161.45,162.67,160.13,161.22,3630215
2026-02-13,GREENE,Energy,161.22,164.12,160.35,164.1,1825757
2026-02-16,GREENE,Energy,164.1,167.22,162.68,166.59,2820110
2026-02-17,GREENE,Energy,166.59,168.81,164.04,165.25,2106270
2026-02-18,GREENE,Energy,165.25,166.35,161.69,164.09,5091219
2026-02-19,GREENE,Energy,164.09,169.04,163.69,167.86,3995385
2026-02-20,GREENE,Energy,167.86,172.79,166.21,171.53,2944879
2026-02-23,GREENE,Energy,171.53,172.64,165.52,167.47,6337196
2026-02-24,GREENE,Energy,167.47,168.52,163.32,163.92,4333248
2026-02-25,GREENE,Energy,163.92,165.78,158.53,159.65,3711540
2026-02-26,GREENE,Energy,159.65,160.59,156.41,157.87,3855055
2026-02-27,GREENE,Energy,157.87,163.14,156.14,162.53,5225911
2026-03-02,GREENE,Energy,162.53,163.86,158.55,160.83,3697348
2026-03-03,GREENE,Energy,160.83,162.15,154.7,156.56,3452224
2026-03-04,GREENE,Energy,156.56,157.92,155.58,156.85,3298573
2026-03-05,GREENE,Energy,156.85,157.29,155.11,156.32,3592133
2026-03-06,GREENE,Energy,156.32,157.84,155.48,155.66,2309110
2026-03-09,GREENE,Energy,155.66,157.03,153.22,153.59,4546426
2026-03-10,GREENE,Energy,153.59,153.85,150.53,151.43,3077511
2026-03-11,GREENE,Energy,151.43,151.73,147.12,147.37,4233175
2026-03-12,GREENE,Energy,147.37,149.62,145.94,148.03,3302021
2026-03-13,GREENE,Energy,148.03,148.63,147.34,148.61,3297555
2026-03-16,GREENE,Energy,148.61,152.3,147.89,149.94,2969153
2026-03-17,GREENE,Energy,149.94,152.31,148.9,150.7,2654133
2026-03-18,GREENE,Energy,150.7,151.78,148.9,149.37,3954516
2026-03-19,GREENE,Energy,149.37,149.94,144.35,146.59,2865403
2026-03-20,GREENE,Energy,146.59,148.8,145.42,145.78,1063962
2026-03-23,GREENE,Energy,145.78,145.83,139.82,140.59,4288013
2026-03-24,GREENE,Energy,140.59,142.55,139.91,141.08,3909421
2026-03-25,GREENE,Energy,141.08,142.22,134.76,136.99,3390728
2026-03-26,GREENE,Energy,136.99,137.13,136.85,136.93,2172697
2026-03-27,GREENE,Energy,136.93,138.77,134.84,136.51,2792709
2026-03-30,GREENE,Energy,136.51,138.47,133.85,135.37,2120495
2026-03-31,GREENE,Energy,135.37,135.45,132.23,132.75,4232630
2026-04-01,GREENE,Energy,132.75,141.76,132.02,138.95,3431971
2026-04-02,GREENE,Energy,138.95,139.72,136.41,137.54,4882975
2026-04-03,GREENE,Energy,137.54,139.71,135.87,139.68,1842730
2026-04-06,GREENE,Energy,139.68,142.42,135.53,136.39,3738214
2026-04-07,GREENE,Energy,136.39,136.88,134.66,136.7,3789893
2026-04-08,GREENE,Energy,136.7,138.25,134.37,137.34,3404031
2026-04-09,GREENE,Energy,137.34,137.83,133.81,134.46,3599258
2026-04-10,GREENE,Energy,134.46,134.47,130.63,132.45,4517136
2026-04-13,GREENE,Energy,132.45,133.78,131.39,132.01,2595442
2026-04-14,GREENE,Energy,132.01,133.06,129.42,130.25,3962647
2026-04-15,GREENE,Energy,130.25,132.57,128.74,129.41,2039374
2026-04-16,GREENE,Energy,129.41,130.93,128.33,129.54,2941615
2026-04-17,GREENE,Energy,129.54,130.3,128.06,129.18,3048627
2026-04-20,GREENE,Energy,129.18,131.24,126.65,127.43,2708156
2026-04-21,GREENE,Energy,127.43,128.13,126.65,127.73,2493893
2026-04-22,GREENE,Energy,127.73,129.09,127.26,127.65,2960737
2026-04-23,GREENE,Energy,127.65,128.38,125.35,126.32,2722886
2026-04-24,GREENE,Energy,126.32,128.34,124.78,128.09,5105656
2026-04-27,GREENE,Energy,128.09,130.51,127.58,128.88,3252540
2026-04-28,GREENE,Energy,128.88,134.21,127.74,132.88,5318719
2026-04-29,GREENE,Energy,132.88,133.21,130.21,131.43,3062872
2026-04-30,GREENE,Energy,131.43,132.21,130.11,131.4,2331527
2026-05-01,GREENE,Energy,131.4,131.42,126.46,126.8,4127634
2026-05-04,GREENE,Energy,126.8,126.94,124.38,126.1,3490145
2026-05-05,GREENE,Energy,126.1,126.67,125.11,125.31,4699246
2026-05-06,GREENE,Energy,125.31,125.33,124.4,124.94,4081613
2026-05-07,GREENE,Energy,124.94,129.92,124.85,129.4,3898802
2026-05-08,GREENE,Energy,129.4,130.27,123.75,123.9,4537055
2026-05-11,GREENE,Energy,123.9,124.33,121.91,122.36,4308469
2026-05-12,GREENE,Energy,122.36,124.65,121.1,121.58,1946964
2026-05-13,GREENE,Energy,121.58,122.29,118.95,121.34,4507495
2026-05-14,GREENE,Energy,121.34,123.52,121.16,122.93,1939622
2026-05-15,GREENE,Energy,122.93,123.86,120.75,121.91,769338
2026-05-18,GREENE,Energy,121.91,122.06,121.31,121.46,3763520
2026-05-19,GREENE,Energy,121.46,123.19,120.15,122.9,1788080
2026-05-20,GREENE,Energy,122.9,124.76,121.53,124.06,1772389
2026-05-21,GREENE,Energy,124.06,124.8,121.62,122.45,2701921
2026-05-22,GREENE,Energy,122.45,123.12,119.4,120.61,3373491
2026-05-25,GREENE,Energy,120.61,120.73,118.87,120.27,2378335
2026-05-26,GREENE,Energy,120.27,123.4,120.1,123.16,6262290
2026-05-27,GREENE,Energy,123.16,123.56,119.53,120.87,4431216
2026-05-28,GREENE,Energy,120.87,126.47,119.54,124.6,3517639
2026-05-29,GREENE,Energy,124.6,126.47,121.56,123.83,3591112
2026-06-01,GREENE,Energy,123.83,125.31,121.71,122.78,3593639
2026-06-02,GREENE,Energy,122.78,123.49,122.38,122.45,1730858
2026-06-03,GREENE,Energy,122.45,123.82,122.42,122.66,3749676
2026-06-04,GREENE,Energy,122.66,122.69,119.73,120.4,4213416
2026-06-05,GREENE,Energy,120.4,121.27,119.23,120.52,3650475
2026-06-08,GREENE,Energy,120.52,122.25,120.52,121.16,2627401
2026-06-09,GREENE,Energy,121.16,121.57,119.4,120.46,1295788
2026-06-10,GREENE,Energy,120.46,120.67,117.61,119.06,3294464
2026-06-11,GREENE,Energy,119.06,124.31,117.3,123.18,4279982
2026-06-12,GREENE,Energy,123.18,126.64,122.47,125.82,626392
2026-06-15,GREENE,Energy,125.82,130.34,125.19,128.55,3253688
2026-06-16,GREENE,Energy,128.55,129.0,125.58,126.86,1582323
2026-06-17,GREENE,Energy,126.86,128.17,126.73,127.85,3625249
2026-06-18,GREENE,Energy,127.85,127.97,127.22,127.46,3965860
2026-06-19,GREENE,Energy,127.46,128.73,126.01,128.48,2828146
2026-06-22,GREENE,Energy,128.48,130.65,127.71,130.61,5198514
2026-06-23,GREENE,Energy,130.61,133.21,130.01,133.1,809012
2026-06-24,GREENE,Energy,133.1,133.49,132.28,132.75,2921712
2026-06-25,GREENE,Energy,132.75,134.88,130.92,132.04,3576210
2026-06-26,GREENE,Energy,132.04,136.29,131.65,136.17,4822659
2026-06-29,GREENE,Energy,136.17,136.62,133.34,134.24,4207443
2026-06-30,GREENE,Energy,134.24,135.02,133.29,134.65,3727244
2026-07-01,GREENE,Energy,134.65,141.03,134.24,139.76,4181885
2026-07-02,GREENE,Energy,139.76,142.51,136.2,141.8,4715038
2026-07-03,GREENE,Energy,141.8,146.05,141.02,143.79,4908581
2026-07-06,GREENE,Energy,143.79,148.85,143.57,147.6,3725547
2026-07-07,GREENE,Energy,147.6,149.1,146.15,147.31,2310388
2026-07-08,GREENE,Energy,147.31,150.11,145.48,150.05,2751821
2026-07-09,GREENE,Energy,150.05,151.29,149.95,149.96,1677133
2026-07-10,GREENE,Energy,149.96,151.9,147.77,148.7,3889210
2026-07-13,GREENE,Energy,148.7,150.49,140.89,144.13,3789463
2026-07-14,GREENE,Energy,144.13,147.8,140.83,142.53,3287069
2026-07-15,GREENE,Energy,142.53,144.78,142.06,143.04,2625382
2026-07-16,GREENE,Energy,143.04,143.48,139.38,140.65,3450112
2026-07-17,GREENE,Energy,140.65,142.54,137.71,139.28,2751271
2026-07-20,GREENE,Energy,139.28,139.49,136.07,136.16,1684412
2026-07-21,GREENE,Energy,136.16,138.31,134.06,137.02,3648465
2026-07-22,GREENE,Energy,137.02,137.94,135.96,136.09,3744662
2026-07-23,GREENE,Energy,136.09,136.36,136.01,136.08,2457684
2026-07-24,GREENE,Energy,136.08,138.64,134.11,135.3,3420012
2026-07-27,GREENE,Energy,135.3,137.61,133.36,133.47,2291124
2026-07-28,GREENE,Energy,133.47,136.07,132.99,135.58,2948031
2026-07-29,GREENE,Energy,135.58,137.06,134.9,136.73,1373059
2026-07-30,GREENE,Energy,136.73,138.85,134.78,135.72,2602164
2026-07-31,GREENE,Energy,135.72,137.2,132.0,134.68,2963668
2026-08-03,GREENE,Energy,134.68,135.13,134.5,135.06,3107909
2026-08-04,GREENE,Energy,135.06,137.84,134.37,137.6,3160378
2026-08-05,GREENE,Energy,137.6,140.86,136.83,139.09,3356631
2026-08-06,GREENE,Energy,139.09,141.25,139.07,140.0,1768171
2026-08-07,GREENE,Energy,140.0,140.46,135.13,135.59,3982476
2026-08-10,GREENE,Energy,135.59,136.8,135.54,135.61,1891386
2026-08-11,GREENE,Energy,135.61,140.75,135.37,139.05,2481563
2026-08-12,GREENE,Energy,139.05,140.96,138.41,140.54,4089434
2026-08-13,GREENE,Energy,140.54,141.32,139.3,140.67,1748574
2026-08-14,GREENE,Energy,140.67,141.4,139.88,141.0,2982655
2026-08-17,GREENE,Energy,141.0,143.64,138.6,141.57,2945536
2026-08-18,GREENE,Energy,141.57,144.49,141.18,143.41,2016858
2026-08-19,GREENE,Energy,143.41,145.1,143.37,144.63,3875972
2026-08-20,GREENE,Energy,144.63,145.52,140.9,141.48,5740377
2026-08-21,GREENE,Energy,141.48,142.23,141.05,141.19,4827236
2026-08-24,GREENE,Energy,141.19,141.31,134.8,136.8,928916
2026-08-25,GREENE,Energy,136.8,137.76,136.45,137.59,3038129
2026-08-26,GREENE,Energy,137.59,145.66,136.96,145.32,3501021
2026-08-27,GREENE,Energy,145.32,146.46,144.78,146.15,4848982
2026-08-28,GREENE,Energy,146.15,149.49,143.12,149.3,3137119
2026-08-31,GREENE,Energy,149.3,156.95,147.82,156.63,5984339
2026-09-01,GREENE,Energy,156.63,158.5,153.19,157.31,3741324
2026-09-02,GREENE,Energy,157.31,157.56,153.32,155.06,3076417
2026-09-03,GREENE,Energy,155.06,155.59,153.51,155.22,4110064
2026-09-04,GREENE,Energy,155.22,157.56,153.46,153.61,3281756
2026-09-07,GREENE,Energy,153.61,156.01,153.29,154.12,2968482
2026-09-08,GREENE,Energy,154.12,155.26,150.87,151.12,3030107
2026-09-09,GREENE,Energy,151.12,153.09,144.39,146.0,3136817
2023-11-23,MEDIQ,Healthcare,88.0,89.29,87.01,88.5,1137864
2023-11-24,MEDIQ,Healthcare,88.5,89.85,86.56,89.48,2292263
2023-11-27,MEDIQ,Healthcare,89.48,89.86,88.11,88.27,2855561
2023-11-28,MEDIQ,Healthcare,88.27,89.76,87.36,89.11,1486442
2023-11-29,MEDIQ,Healthcare,89.11,89.46,85.97,86.16,3074720
2023-11-30,MEDIQ,Healthcare,86.16,88.61,85.95,87.8,1595520
2023-12-01,MEDIQ,Healthcare,87.8,88.19,86.65,87.08,2527670
2023-12-04,MEDIQ,Healthcare,87.08,87.33,85.84,86.25,3429789
2023-12-05,MEDIQ,Healthcare,86.25,87.34,85.43,86.74,2214615
2023-12-06,MEDIQ,Healthcare,86.74,86.99,84.14,84.66,3919813
2023-12-07,MEDIQ,Healthcare,84.66,85.55,81.22,81.64,2121414
2023-12-08,MEDIQ,Healthcare,81.64,82.66,79.41,79.85,2642969
2023-12-11,MEDIQ,Healthcare,79.85,80.06,77.03,77.16,4626082
2023-12-12,MEDIQ,Healthcare,77.16,78.04,75.31,75.56,4552468
2023-12-13,MEDIQ,Healthcare,75.56,76.18,73.78,73.81,4723943
2023-12-14,MEDIQ,Healthcare,73.81,75.2,73.67,73.75,3977958
2023-12-15,MEDIQ,Healthcare,73.75,73.96,72.69,72.78,431374
2023-12-18,MEDIQ,Healthcare,72.78,75.13,72.51,74.63,3515016
2023-12-19,MEDIQ,Healthcare,74.63,76.29,74.5,76.06,2532489
2023-12-20,MEDIQ,Healthcare,76.06,78.08,75.69,76.99,2208209
2023-12-21,MEDIQ,Healthcare,76.99,78.56,76.62,78.46,3543077
2023-12-22,MEDIQ,Healthcare,78.46,78.97,76.04,76.42,3804826
2023-12-25,MEDIQ,Healthcare,76.42,78.04,75.87,77.8,2612643
2023-12-26,MEDIQ,Healthcare,77.8,79.3,76.82,77.94,3447686
2023-12-27,MEDIQ,Healthcare,77.94,80.34,77.22,79.4,5757819
2023-12-28,MEDIQ,Healthcare,79.4,79.86,77.85,77.85,1861340
2023-12-29,MEDIQ,Healthcare,77.85,78.94,77.5,78.45,4298544
2024-01-01,MEDIQ,Healthcare,78.45,79.33,76.44,76.51,3620196
2024-01-02,MEDIQ,Healthcare,76.51,76.98,75.41,75.71,4087649
2024-01-03,MEDIQ,Healthcare,75.71,76.06,75.34,75.6,4908442
2024-01-04,MEDIQ,Healthcare,75.6,76.79,74.68,74.7,1929619
2024-01-05,MEDIQ,Healthcare,74.7,76.33,74.22,76.25,4784650
2024-01-08,MEDIQ,Healthcare,76.25,77.0,75.7,76.66,3129573
2024-01-09,MEDIQ,Healthcare,76.66,78.73,76.41,77.47,2630700
2024-01-10,MEDIQ,Healthcare,77.47,79.79,77.34,79.42,4127955
2024-01-11,MEDIQ,Healthcare,79.42,80.39,77.08,78.25,3747380
2024-01-12,MEDIQ,Healthcare,78.25,80.49,77.79,80.14,3623695
2024-01-15,MEDIQ,Healthcare,80.14,80.93,79.82,80.69,3454583
2024-01-16,MEDIQ,Healthcare,80.69,81.0,78.99,79.51,3524629
2024-01-17,MEDIQ,Healthcare,79.51,81.64,79.23,80.91,2220689
2024-01-18,MEDIQ,Healthcare,80.91,81.29,79.02,79.58,2835921
2024-01-19,MEDIQ,Healthcare,79.58,80.08,79.15,79.35,1609583
2024-01-22,MEDIQ,Healthcare,79.35,81.23,79.31,80.73,3875452
2024-01-23,MEDIQ,Healthcare,80.73,81.66,80.44,80.99,2283452
2024-01-24,MEDIQ,Healthcare,80.99,83.79,80.9,83.66,4887894
2024-01-25,MEDIQ,Healthcare,83.66,84.25,82.1,84.0,2841386
2024-01-26,MEDIQ,Healthcare,84.0,84.08,82.95,83.63,1702865
2024-01-29,MEDIQ,Healthcare,83.63,83.99,80.19,81.19,3228786
2024-01-30,MEDIQ,Healthcare,81.19,82.37,80.32,81.82,3254416
2024-01-31,MEDIQ,Healthcare,81.82,83.96,81.32,82.91,4131192
2024-02-01,MEDIQ,Healthcare,82.91,84.89,81.54,84.12,2992726
2024-02-02,MEDIQ,Healthcare,84.12,84.54,84.12,84.28,4447682
2024-02-05,MEDIQ,Healthcare,84.28,84.82,81.75,82.61,4541006
2024-02-06,MEDIQ,Healthcare,82.61,83.13,81.97,82.18,4529372
2024-02-07,MEDIQ,Healthcare,82.18,82.93,80.55,82.3,3578417
2024-02-08,MEDIQ,Healthcare,82.3,82.83,82.07,82.38,5192008
2024-02-09,MEDIQ,Healthcare,82.38,82.8,81.87,82.63,4083232
2024-02-12,MEDIQ,Healthcare,82.63,84.04,82.27,83.73,1817142
2024-02-13,MEDIQ,Healthcare,83.73,84.27,82.66,83.99,2362989
2024-02-14,MEDIQ,Healthcare,83.99,84.55,81.58,82.4,4837653
2024-02-15,MEDIQ,Healthcare,82.4,84.54,81.65,84.34,3707966
2024-02-16,MEDIQ,Healthcare,84.34,84.55,84.05,84.24,1621462
2024-02-19,MEDIQ,Healthcare,84.24,84.63,83.77,84.6,3189373
2024-02-20,MEDIQ,Healthcare,84.6,85.16,84.38,84.42,3727164
2024-02-21,MEDIQ,Healthcare,84.42,84.48,82.86,83.0,2671027
2024-02-22,MEDIQ,Healthcare,83.0,83.14,81.59,82.29,3540819
2024-02-23,MEDIQ,Healthcare,82.29,82.95,79.79,81.21,2459071
2024-02-26,MEDIQ,Healthcare,81.21,82.33,80.58,81.89,1985050
2024-02-27,MEDIQ,Healthcare,81.89,83.04,81.76,82.5,2196547
2024-02-28,MEDIQ,Healthcare,82.5,84.07,82.16,83.55,2962254
2024-02-29,MEDIQ,Healthcare,83.55,83.64,82.95,83.43,3225486
2024-03-01,MEDIQ,Healthcare,83.43,85.87,82.69,85.37,5157243
2024-03-04,MEDIQ,Healthcare,85.37,86.3,84.16,84.35,2746880
2024-03-05,MEDIQ,Healthcare,84.35,86.76,83.84,86.74,2413468
2024-03-06,MEDIQ,Healthcare,86.74,88.56,86.71,88.18,4374360
2024-03-07,MEDIQ,Healthcare,88.18,88.21,87.56,87.57,3816386
2024-03-08,MEDIQ,Healthcare,87.57,88.52,87.53,88.37,2860744
2024-03-11,MEDIQ,Healthcare,88.37,88.54,85.21,86.44,2590276
2024-03-12,MEDIQ,Healthcare,86.44,87.0,85.0,85.46,3711201
2024-03-13,MEDIQ,Healthcare,85.46,86.05,85.22,85.28,1618303
2024-03-14,MEDIQ,Healthcare,85.28,86.05,84.48,85.49,1652518
2024-03-15,MEDIQ,Healthcare,85.49,87.95,84.76,87.54,3410598
2024-03-18,MEDIQ,Healthcare,87.54,87.83,86.78,87.36,3172382
2024-03-19,MEDIQ,Healthcare,87.36,88.22,86.66,86.88,2882879
2024-03-20,MEDIQ,Healthcare,86.88,87.67,85.67,86.7,3851345
2024-03-21,MEDIQ,Healthcare,86.7,88.19,85.58,87.98,5319495
2024-03-22,MEDIQ,Healthcare,87.98,88.48,87.66,87.93,4070384
2024-03-25,MEDIQ,Healthcare,87.93,88.77,87.21,87.93,2032000
2024-03-26,MEDIQ,Healthcare,87.93,88.56,85.29,87.06,3090301
2024-03-27,MEDIQ,Healthcare,87.06,87.38,85.03,85.22,3130893
2024-03-28,MEDIQ,Healthcare,85.22,85.92,83.09,84.54,4979679
2024-03-29,MEDIQ,Healthcare,84.54,85.54,82.84,83.09,3543346
2024-04-01,MEDIQ,Healthcare,83.09,83.5,82.43,83.04,3129464
2024-04-02,MEDIQ,Healthcare,83.04,83.85,81.92,82.47,1606183
2024-04-03,MEDIQ,Healthcare,82.47,83.25,82.31,82.51,4249460
2024-04-04,MEDIQ,Healthcare,82.51,84.04,82.46,84.02,5378385
2024-04-05,MEDIQ,Healthcare,84.02,84.91,83.12,84.7,3572160
2024-04-08,MEDIQ,Healthcare,84.7,86.19,84.52,85.78,2945191
2024-04-09,MEDIQ,Healthcare,85.78,87.38,85.43,85.57,3948656
2024-04-10,MEDIQ,Healthcare,85.57,85.6,84.3,84.78,3568302
2024-04-11,MEDIQ,Healthcare,84.78,85.38,83.69,84.53,3926503
2024-04-12,MEDIQ,Healthcare,84.53,84.85,83.45,83.79,3829211
2024-04-15,MEDIQ,Healthcare,83.79,84.43,81.34,81.69,3215984
2024-04-16,MEDIQ,Healthcare,81.69,85.14,81.45,84.94,1339040
2024-04-17,MEDIQ,Healthcare,84.94,87.62,84.31,86.74,3158848
2024-04-18,MEDIQ,Healthcare,86.74,89.12,86.64,88.61,3842397
2024-04-19,MEDIQ,Healthcare,88.61,88.7,87.79,87.84,4141555
2024-04-22,MEDIQ,Healthcare,87.84,89.47,87.6,89.14,4102113
2024-04-23,MEDIQ,Healthcare,89.14,89.86,88.77,89.04,3102639
2024-04-24,MEDIQ,Healthcare,89.04,90.41,88.24,90.29,3391645
2024-04-25,MEDIQ,Healthcare,90.29,90.59,89.66,90.47,3979761
2024-04-26,MEDIQ,Healthcare,90.47,90.88,88.99,89.69,3878986
2024-04-29,MEDIQ,Healthcare,89.69,91.88,89.52,91.66,5081559
2024-04-30,MEDIQ,Healthcare,91.66,92.69,90.84,92.39,3838580
2024-05-01,MEDIQ,Healthcare,92.39,93.17,90.89,91.13,2742558
2024-05-02,MEDIQ,Healthcare,91.13,92.11,90.2,90.85,4112046
2024-05-03,MEDIQ,Healthcare,90.85,91.52,87.69,88.22,4643503
2024-05-06,MEDIQ,Healthcare,88.22,88.24,88.04,88.16,4114699
2024-05-07,MEDIQ,Healthcare,88.16,88.56,85.83,86.55,4178110
2024-05-08,MEDIQ,Healthcare,86.55,89.95,85.93,89.59,3721744
2024-05-09,MEDIQ,Healthcare,89.59,91.28,89.33,91.28,4803491
2024-05-10,MEDIQ,Healthcare,91.28,92.24,90.28,90.63,3758418
2024-05-13,MEDIQ,Healthcare,90.63,92.63,89.73,92.55,2078854
2024-05-14,MEDIQ,Healthcare,92.55,92.75,91.88,91.96,3231903
2024-05-15,MEDIQ,Healthcare,91.96,93.25,91.87,92.94,3211852
2024-05-16,MEDIQ,Healthcare,92.94,93.02,91.58,91.68,3161397
2024-05-17,MEDIQ,Healthcare,91.68,91.8,91.38,91.75,4171191
2024-05-20,MEDIQ,Healthcare,91.75,92.25,88.29,90.17,2350760
2024-05-21,MEDIQ,Healthcare,90.17,90.67,86.99,88.36,3234515
2024-05-22,MEDIQ,Healthcare,88.36,92.29,87.05,91.24,2079761
2024-05-23,MEDIQ,Healthcare,91.24,93.27,90.88,92.49,4013263
2024-05-24,MEDIQ,Healthcare,92.49,95.71,92.32,94.45,1085835
2024-05-27,MEDIQ,Healthcare,94.45,94.75,93.13,93.31,3102994
2024-05-28,MEDIQ,Healthcare,93.31,95.82,93.19,94.91,4533752
2024-05-29,MEDIQ,Healthcare,94.91,95.49,94.26,95.45,3203931
2024-05-30,MEDIQ,Healthcare,95.45,99.48,95.08,98.42,3605753
2024-05-31,MEDIQ,Healthcare,98.42,100.04,98.4,99.1,1814823
2024-06-03,MEDIQ,Healthcare,99.1,100.95,97.66,100.38,3306726
2024-06-04,MEDIQ,Healthcare,100.38,100.88,97.35,98.02,4430820
2024-06-05,MEDIQ,Healthcare,98.02,99.17,97.37,98.22,1737645
2024-06-06,MEDIQ,Healthcare,98.22,99.34,97.95,98.73,3598952
2024-06-07,MEDIQ,Healthcare,98.73,100.53,98.67,99.54,3488647
2024-06-10,MEDIQ,Healthcare,99.54,99.67,98.59,98.91,3057471
2024-06-11,MEDIQ,Healthcare,98.91,99.16,96.0,96.27,2898961
2024-06-12,MEDIQ,Healthcare,96.27,97.33,94.09,94.44,3217724
2024-06-13,MEDIQ,Healthcare,94.44,95.02,91.95,92.86,3542635
2024-06-14,MEDIQ,Healthcare,92.86,93.21,91.56,92.12,4627773
2024-06-17,MEDIQ,Healthcare,92.12,94.34,91.68,94.02,749717
2024-06-18,MEDIQ,Healthcare,94.02,94.96,91.86,91.95,3181062
2024-06-19,MEDIQ,Healthcare,91.95,92.15,89.78,90.13,4027729
2024-06-20,MEDIQ,Healthcare,90.13,90.21,86.68,87.58,4671292
2024-06-21,MEDIQ,Healthcare,87.58,89.24,87.08,88.64,2834292
2024-06-24,MEDIQ,Healthcare,88.64,88.86,85.5,85.67,4910912
2024-06-25,MEDIQ,Healthcare,85.67,86.07,83.33,84.29,2367397
2024-06-26,MEDIQ,Healthcare,84.29,84.92,82.38,82.82,3545654
2024-06-27,MEDIQ,Healthcare,82.82,83.61,82.27,82.37,3692410
2024-06-28,MEDIQ,Healthcare,82.37,82.87,80.39,80.9,2930951
2024-07-01,MEDIQ,Healthcare,80.9,81.98,80.88,81.57,2896308
2024-07-02,MEDIQ,Healthcare,81.57,83.21,80.45,81.75,3618079
2024-07-03,MEDIQ,Healthcare,81.75,83.62,81.6,83.05,3679482
2024-07-04,MEDIQ,Healthcare,83.05,85.21,82.5,83.94,2931819
2024-07-05,MEDIQ,Healthcare,83.94,86.44,83.79,84.85,1884167
2024-07-08,MEDIQ,Healthcare,84.85,86.23,84.78,85.39,2294685
2024-07-09,MEDIQ,Healthcare,85.39,87.07,84.73,86.64,3735648
2024-07-10,MEDIQ,Healthcare,86.64,88.74,86.6,87.96,3004603
2024-07-11,MEDIQ,Healthcare,87.96,90.42,87.67,89.61,2031444
2024-07-12,MEDIQ,Healthcare,89.61,91.24,88.75,91.06,3890610
2024-07-15,MEDIQ,Healthcare,91.06,92.04,88.38,89.42,4341868
2024-07-16,MEDIQ,Healthcare,89.42,89.63,88.33,88.43,2577271
2024-07-17,MEDIQ,Healthcare,88.43,90.8,86.63,90.7,3984623
2024-07-18,MEDIQ,Healthcare,90.7,90.75,90.0,90.25,3873080
2024-07-19,MEDIQ,Healthcare,90.25,91.99,90.02,91.79,3367996
2024-07-22,MEDIQ,Healthcare,91.79,92.4,91.4,91.85,3430261
2024-07-23,MEDIQ,Healthcare,91.85,94.88,91.38,94.0,4438270
2024-07-24,MEDIQ,Healthcare,94.0,94.49,92.33,92.69,2311334
2024-07-25,MEDIQ,Healthcare,92.69,94.97,91.47,93.1,2942522
2024-07-26,MEDIQ,Healthcare,93.1,93.5,92.0,93.25,2291727
2024-07-29,MEDIQ,Healthcare,93.25,94.23,93.23,93.82,4240561
2024-07-30,MEDIQ,Healthcare,93.82,94.94,93.62,94.41,1824443
2024-07-31,MEDIQ,Healthcare,94.41,95.2,93.8,94.28,4306884
2024-08-01,MEDIQ,Healthcare,94.28,95.24,93.75,93.88,4471224
2024-08-02,MEDIQ,Healthcare,93.88,94.38,92.84,93.88,2826544
2024-08-05,MEDIQ,Healthcare,93.88,95.13,93.79,94.22,1863009
2024-08-06,MEDIQ,Healthcare,94.22,97.62,94.1,97.27,5089137
2024-08-07,MEDIQ,Healthcare,97.27,98.01,96.23,96.42,1484125
2024-08-08,MEDIQ,Healthcare,96.42,96.59,95.83,96.03,1662682
2024-08-09,MEDIQ,Healthcare,96.03,98.43,95.0,98.35,3301739
2024-08-12,MEDIQ,Healthcare,98.35,98.55,96.93,97.08,2140226
2024-08-13,MEDIQ,Healthcare,97.08,99.72,95.74,99.25,4945369
2024-08-14,MEDIQ,Healthcare,99.25,99.71,97.23,98.53,4832253
2024-08-15,MEDIQ,Healthcare,98.53,98.58,95.99,96.66,3894377
2024-08-16,MEDIQ,Healthcare,96.66,97.89,96.01,96.6,3184100
2024-08-19,MEDIQ,Healthcare,96.6,96.75,95.0,95.49,4222183
2024-08-20,MEDIQ,Healthcare,95.49,97.06,93.22,93.76,3432458
2024-08-21,MEDIQ,Healthcare,93.76,97.01,92.75,95.32,3169703
2024-08-22,MEDIQ,Healthcare,95.32,95.46,91.7,91.95,3803814
2024-08-23,MEDIQ,Healthcare,91.95,93.36,90.82,91.07,4638063
2024-08-26,MEDIQ,Healthcare,91.07,91.37,89.23,90.29,3645254
2024-08-27,MEDIQ,Healthcare,90.29,90.81,89.28,89.79,2764294
2024-08-28,MEDIQ,Healthcare,89.79,91.22,89.52,90.33,3105748
2024-08-29,MEDIQ,Healthcare,90.33,91.55,88.3,88.87,2707947
2024-08-30,MEDIQ,Healthcare,88.87,90.07,87.23,87.59,2405123
2024-09-02,MEDIQ,Healthcare,87.59,89.2,87.42,89.07,3053514
2024-09-03,MEDIQ,Healthcare,89.07,89.29,87.73,88.09,5040788
2024-09-04,MEDIQ,Healthcare,88.09,89.11,86.37,86.44,3759275
2024-09-05,MEDIQ,Healthcare,86.44,87.96,85.88,87.55,620871
2024-09-06,MEDIQ,Healthcare,87.55,88.16,85.82,86.63,3042286
2024-09-09,MEDIQ,Healthcare,86.63,87.62,86.47,87.16,2517774
2024-09-10,MEDIQ,Healthcare,87.16,87.75,86.55,87.67,3871930
2024-09-11,MEDIQ,Healthcare,87.67,88.32,87.24,87.73,2520363
2024-09-12,MEDIQ,Healthcare,87.73,87.91,86.88,87.34,3058658
2024-09-13,MEDIQ,Healthcare,87.34,87.49,87.01,87.39,2176541
2024-09-16,MEDIQ,Healthcare,87.39,87.85,84.81,85.12,2860392
2024-09-17,MEDIQ,Healthcare,85.12,85.41,84.51,84.84,2081436
2024-09-18,MEDIQ,Healthcare,84.84,86.86,84.12,86.13,2534195
2024-09-19,MEDIQ,Healthcare,86.13,87.79,84.7,87.7,1993204
2024-09-20,MEDIQ,Healthcare,87.7,88.46,87.13,87.4,3112532
2024-09-23,MEDIQ,Healthcare,87.4,89.53,86.69,89.34,5048216
2024-09-24,MEDIQ,Healthcare,89.34,91.48,88.02,91.29,4010673
2024-09-25,MEDIQ,Healthcare,91.29,92.81,90.09,92.75,4257687
2024-09-26,MEDIQ,Healthcare,92.75,94.33,92.52,93.57,809871
2024-09-27,MEDIQ,Healthcare,93.57,94.41,92.33,92.9,2959800
2024-09-30,MEDIQ,Healthcare,92.9,94.14,90.32,91.47,2475630
2024-10-01,MEDIQ,Healthcare,91.47,92.17,91.05,91.7,3528151
2024-10-02,MEDIQ,Healthcare,91.7,93.07,89.68,92.84,2281950
2024-10-03,MEDIQ,Healthcare,92.84,93.12,89.42,90.49,1992899
2024-10-04,MEDIQ,Healthcare,90.49,91.11,88.52,89.16,3874592
2024-10-07,MEDIQ,Healthcare,89.16,89.28,87.91,88.51,2445099
2024-10-08,MEDIQ,Healthcare,88.51,88.75,86.9,88.18,878633
2024-10-09,MEDIQ,Healthcare,88.18,88.99,86.82,88.67,3280338
2024-10-10,MEDIQ,Healthcare,88.67,89.91,88.47,89.78,4954044
2024-10-11,MEDIQ,Healthcare,89.78,90.06,85.56,86.95,4075355
2024-10-14,MEDIQ,Healthcare,86.95,89.55,86.93,89.13,3637627
2024-10-15,MEDIQ,Healthcare,89.13,89.91,85.48,86.19,4726101
2024-10-16,MEDIQ,Healthcare,86.19,87.56,85.66,87.34,3157624
2024-10-17,MEDIQ,Healthcare,87.34,88.95,87.31,88.94,3165812
2024-10-18,MEDIQ,Healthcare,88.94,90.17,88.29,89.88,2148533
2024-10-21,MEDIQ,Healthcare,89.88,90.35,88.37,88.43,2927018
2024-10-22,MEDIQ,Healthcare,88.43,90.04,88.3,89.64,4724450
2024-10-23,MEDIQ,Healthcare,89.64,92.81,89.45,91.73,4876158
2024-10-24,MEDIQ,Healthcare,91.73,92.36,88.86,90.45,5007838
2024-10-25,MEDIQ,Healthcare,90.45,90.54,88.7,89.31,3992845
2024-10-28,MEDIQ,Healthcare,89.31,90.18,88.54,88.83,1782603
2024-10-29,MEDIQ,Healthcare,88.83,90.24,86.81,87.74,3470702
2024-10-30,MEDIQ,Healthcare,87.74,88.72,85.18,85.18,3096623
2024-10-31,MEDIQ,Healthcare,85.18,88.96,84.63,87.76,4346823
2024-11-01,MEDIQ,Healthcare,87.76,89.17,86.77,88.77,3264851
2024-11-04,MEDIQ,Healthcare,88.77,89.06,88.27,88.56,2366975
2024-11-05,MEDIQ,Healthcare,88.56,88.64,86.81,87.06,2204687
2024-11-06,MEDIQ,Healthcare,87.06,89.47,86.68,88.3,3082686
2024-11-07,MEDIQ,Healthcare,88.3,88.67,86.26,87.48,2399416
2024-11-08,MEDIQ,Healthcare,87.48,91.01,87.42,90.71,4441246
2024-11-11,MEDIQ,Healthcare,90.71,94.88,89.95,94.18,3030710
2024-11-12,MEDIQ,Healthcare,94.18,95.48,94.17,94.26,4552501
2024-11-13,MEDIQ,Healthcare,94.26,94.71,93.82,94.5,3887000
2024-11-14,MEDIQ,Healthcare,94.5,95.81,92.0,93.36,3543520
2024-11-15,MEDIQ,Healthcare,93.36,94.09,92.59,93.37,2276923
2024-11-18,MEDIQ,Healthcare,93.37,94.29,92.37,92.66,3818794
2024-11-19,MEDIQ,Healthcare,92.66,92.97,89.89,90.81,2540757
2024-11-20,MEDIQ,Healthcare,90.81,92.09,90.6,91.59,1640629
2024-11-21,MEDIQ,Healthcare,91.59,91.9,91.09,91.87,2900178
2024-11-22,MEDIQ,Healthcare,91.87,92.71,90.85,92.15,4736181
2024-11-25,MEDIQ,Healthcare,92.15,92.21,90.61,91.3,6630669
2024-11-26,MEDIQ,Healthcare,91.3,91.61,89.15,89.62,2884651
2024-11-27,MEDIQ,Healthcare,89.62,90.38,88.65,88.68,1813517
2024-11-28,MEDIQ,Healthcare,88.68,90.01,88.4,89.97,2879803
2024-11-29,MEDIQ,Healthcare,89.97,90.16,88.72,89.5,2789378
2024-12-02,MEDIQ,Healthcare,89.5,90.1,86.97,88.37,4629102
2024-12-03,MEDIQ,Healthcare,88.37,89.14,86.79,87.49,1989980
2024-12-04,MEDIQ,Healthcare,87.49,89.17,84.96,86.09,3352624
2024-12-05,MEDIQ,Healthcare,86.09,86.85,85.81,86.44,2432906
2024-12-06,MEDIQ,Healthcare,86.44,87.3,83.82,83.84,2460667
2024-12-09,MEDIQ,Healthcare,83.84,84.51,83.28,83.78,3789224
2024-12-10,MEDIQ,Healthcare,83.78,84.12,83.22,84.11,3542724
2024-12-11,MEDIQ,Healthcare,84.11,86.26,83.84,85.96,2150883
2024-12-12,MEDIQ,Healthcare,85.96,86.58,84.6,85.44,4053924
2024-12-13,MEDIQ,Healthcare,85.44,86.13,82.01,83.16,4619105
2024-12-16,MEDIQ,Healthcare,83.16,83.6,81.9,82.73,4223243
2024-12-17,MEDIQ,Healthcare,82.73,83.14,80.33,80.93,1667565
2024-12-18,MEDIQ,Healthcare,80.93,82.17,79.32,81.07,3129871
2024-12-19,MEDIQ,Healthcare,81.07,82.6,80.77,82.46,3059268
2024-12-20,MEDIQ,Healthcare,82.46,83.06,82.1,82.72,3005882
2024-12-23,MEDIQ,Healthcare,82.72,83.23,82.01,82.67,2967232
2024-12-24,MEDIQ,Healthcare,82.67,85.81,81.84,85.07,3722608
2024-12-25,MEDIQ,Healthcare,85.07,86.15,84.07,85.51,1294443
2024-12-26,MEDIQ,Healthcare,85.51,86.35,83.67,83.84,2767831
2024-12-27,MEDIQ,Healthcare,83.84,84.19,81.43,82.29,5605003
2024-12-30,MEDIQ,Healthcare,82.29,82.33,81.93,82.29,3867240
2024-12-31,MEDIQ,Healthcare,82.29,84.15,81.9,83.48,3048567
2025-01-01,MEDIQ,Healthcare,83.48,84.8,83.48,84.47,3676919
2025-01-02,MEDIQ,Healthcare,84.47,86.63,84.02,85.49,3059190
2025-01-03,MEDIQ,Healthcare,85.49,86.93,84.46,86.42,4586327
2025-01-06,MEDIQ,Healthcare,86.42,89.15,86.23,88.19,3525682
2025-01-07,MEDIQ,Healthcare,88.19,89.87,87.99,89.37,3724790
2025-01-08,MEDIQ,Healthcare,89.37,89.95,88.49,89.35,3055204
2025-01-09,MEDIQ,Healthcare,89.35,93.25,88.98,92.13,3781402
2025-01-10,MEDIQ,Healthcare,92.13,94.01,91.91,93.73,2261215
2025-01-13,MEDIQ,Healthcare,93.73,93.95,91.19,92.13,2865299
2025-01-14,MEDIQ,Healthcare,92.13,93.53,91.02,92.85,4357930
2025-01-15,MEDIQ,Healthcare,92.85,93.5,89.13,90.69,2723053
2025-01-16,MEDIQ,Healthcare,90.69,92.04,90.37,91.76,1783707
2025-01-17,MEDIQ,Healthcare,91.76,93.27,91.75,92.88,3202679
2025-01-20,MEDIQ,Healthcare,92.88,93.69,90.48,91.14,3863581
2025-01-21,MEDIQ,Healthcare,91.14,92.83,91.04,92.6,1632341
2025-01-22,MEDIQ,Healthcare,92.6,92.62,90.9,92.25,3726968
2025-01-23,MEDIQ,Healthcare,92.25,94.83,91.76,94.41,3685277
2025-01-24,MEDIQ,Healthcare,94.41,95.44,94.14,94.77,2901356
2025-01-27,MEDIQ,Healthcare,94.77,98.6,93.91,97.08,2577637
2025-01-28,MEDIQ,Healthcare,97.08,97.94,94.59,95.11,4799005
2025-01-29,MEDIQ,Healthcare,95.11,97.77,94.71,96.28,3140753
2025-01-30,MEDIQ,Healthcare,96.28,97.71,95.72,96.81,2518402
2025-01-31,MEDIQ,Healthcare,96.81,98.34,96.29,96.39,1347648
2025-02-03,MEDIQ,Healthcare,96.39,97.12,96.04,96.49,4548938
2025-02-04,MEDIQ,Healthcare,96.49,97.36,93.93,94.41,1707180
2025-02-05,MEDIQ,Healthcare,94.41,98.32,93.79,98.28,2301721
2025-02-06,MEDIQ,Healthcare,98.28,98.37,97.91,97.98,2797556
2025-02-07,MEDIQ,Healthcare,97.98,99.23,96.56,98.94,3090198
2025-02-10,MEDIQ,Healthcare,98.94,99.2,94.76,95.46,4033532
2025-02-11,MEDIQ,Healthcare,95.46,98.06,94.7,97.37,3027773
2025-02-12,MEDIQ,Healthcare,97.37,100.23,96.75,99.96,4388474
2025-02-13,MEDIQ,Healthcare,99.96,100.59,98.98,99.33,3107535
2025-02-14,MEDIQ,Healthcare,99.33,102.83,99.32,101.36,4144731
2025-02-17,MEDIQ,Healthcare,101.36,102.69,101.31,101.69,2906490
2025-02-18,MEDIQ,Healthcare,101.69,102.7,101.39,102.62,3719101
2025-02-19,MEDIQ,Healthcare,102.62,103.09,101.25,101.65,4537904
2025-02-20,MEDIQ,Healthcare,101.65,101.95,96.74,96.77,2058489
2025-02-21,MEDIQ,Healthcare,96.77,97.59,96.34,97.25,637623
2025-02-24,MEDIQ,Healthcare,97.25,99.82,96.75,99.27,4277027
2025-02-25,MEDIQ,Healthcare,99.27,99.76,97.71,97.99,1252520
2025-02-26,MEDIQ,Healthcare,97.99,100.32,97.36,99.74,3013124
2025-02-27,MEDIQ,Healthcare,99.74,100.22,99.33,100.18,1857388
2025-02-28,MEDIQ,Healthcare,100.18,100.26,97.68,99.09,3148748
2025-03-03,MEDIQ,Healthcare,99.09,100.76,98.73,100.73,3146378
2025-03-04,MEDIQ,Healthcare,100.73,101.19,99.47,100.51,3382909
2025-03-05,MEDIQ,Healthcare,100.51,103.07,100.2,102.33,2688252
2025-03-06,MEDIQ,Healthcare,102.33,103.12,101.77,102.84,2248870
2025-03-07,MEDIQ,Healthcare,102.84,103.47,101.25,102.94,4946602
2025-03-10,MEDIQ,Healthcare,102.94,104.5,102.41,102.53,3125784
2025-03-11,MEDIQ,Healthcare,102.53,103.29,101.86,102.44,3292361
2025-03-12,MEDIQ,Healthcare,102.44,103.24,101.07,103.16,1762870
2025-03-13,MEDIQ,Healthcare,103.16,103.46,102.53,103.41,2283456
2025-03-14,MEDIQ,Healthcare,103.41,103.53,100.52,100.73,5238460
2025-03-17,MEDIQ,Healthcare,100.73,101.61,97.09,98.84,3059128
2025-03-18,MEDIQ,Healthcare,98.84,99.15,96.95,96.96,4042334
2025-03-19,MEDIQ,Healthcare,96.96,98.09,95.33,96.13,1533090
2025-03-20,MEDIQ,Healthcare,96.13,99.42,95.98,97.75,6590902
2025-03-21,MEDIQ,Healthcare,97.75,98.59,97.71,97.76,2957099
2025-03-24,MEDIQ,Healthcare,97.76,98.52,97.0,98.03,4616751
2025-03-25,MEDIQ,Healthcare,98.03,98.96,97.57,98.42,4290017
2025-03-26,MEDIQ,Healthcare,98.42,98.62,97.38,98.07,2162577
2025-03-27,MEDIQ,Healthcare,98.07,99.44,97.44,99.11,2626894
2025-03-28,MEDIQ,Healthcare,99.11,100.65,99.02,100.18,3273514
2025-03-31,MEDIQ,Healthcare,100.18,101.29,97.08,97.33,2868691
2025-04-01,MEDIQ,Healthcare,97.33,99.62,96.8,98.9,5237030
2025-04-02,MEDIQ,Healthcare,98.9,99.38,98.37,98.81,5246554
2025-04-03,MEDIQ,Healthcare,98.81,101.79,98.52,101.78,5238817
2025-04-04,MEDIQ,Healthcare,101.78,102.28,100.92,101.58,3117442
2025-04-07,MEDIQ,Healthcare,101.58,102.53,100.27,101.89,3290783
2025-04-08,MEDIQ,Healthcare,101.89,103.48,100.79,103.31,2629143
2025-04-09,MEDIQ,Healthcare,103.31,103.36,101.64,101.7,4151507
2025-04-10,MEDIQ,Healthcare,101.7,102.75,99.07,100.55,3233365
2025-04-11,MEDIQ,Healthcare,100.55,103.28,99.74,102.47,4543256
2025-04-14,MEDIQ,Healthcare,102.47,103.84,100.2,103.82,2679255
2025-04-15,MEDIQ,Healthcare,103.82,104.59,102.79,102.88,2813646
2025-04-16,MEDIQ,Healthcare,102.88,103.7,101.09,101.64,4396465
2025-04-17,MEDIQ,Healthcare,101.64,102.03,100.32,100.66,3559331
2025-04-18,MEDIQ,Healthcare,100.66,103.7,99.89,101.38,4538060
2025-04-21,MEDIQ,Healthcare,101.38,102.12,99.48,99.81,2606350
2025-04-22,MEDIQ,Healthcare,99.81,101.64,98.98,100.18,4513639
2025-04-23,MEDIQ,Healthcare,100.18,101.11,98.55,98.81,1521151
2025-04-24,MEDIQ,Healthcare,98.81,99.87,98.48,99.79,3473716
2025-04-25,MEDIQ,Healthcare,99.79,101.06,98.9,100.53,3567193
2025-04-28,MEDIQ,Healthcare,100.53,100.88,96.31,98.48,4246141
2025-04-29,MEDIQ,Healthcare,98.48,103.08,98.3,102.01,4209185
2025-04-30,MEDIQ,Healthcare,102.01,103.34,101.97,101.99,4097743
2025-05-01,MEDIQ,Healthcare,101.99,102.3,100.45,101.1,2333010
2025-05-02,MEDIQ,Healthcare,101.1,101.87,99.83,100.45,1936446
2025-05-05,MEDIQ,Healthcare,100.45,101.51,98.44,99.12,3442799
2025-05-06,MEDIQ,Healthcare,99.12,99.99,97.43,98.4,3996556
2025-05-07,MEDIQ,Healthcare,98.4,99.05,97.52,98.88,4935040
2025-05-08,MEDIQ,Healthcare,98.88,99.37,97.01,97.78,2722171
2025-05-09,MEDIQ,Healthcare,97.78,99.91,96.52,99.34,2904842
2025-05-12,MEDIQ,Healthcare,99.34,99.71,97.3,97.45,3516060
2025-05-13,MEDIQ,Healthcare,97.45,98.85,96.56,96.9,4989094
2025-05-14,MEDIQ,Healthcare,96.9,98.05,96.49,97.61,3552437
2025-05-15,MEDIQ,Healthcare,97.61,99.3,97.38,99.0,2544398
2025-05-16,MEDIQ,Healthcare,99.0,99.24,98.43,98.66,3373108
2025-05-19,MEDIQ,Healthcare,98.66,99.96,97.71,99.34,3239368
2025-05-20,MEDIQ,Healthcare,99.34,99.6,97.39,97.42,1556089
2025-05-21,MEDIQ,Healthcare,97.42,99.59,97.14,99.48,4943838
2025-05-22,MEDIQ,Healthcare,99.48,99.91,98.49,98.57,3041842
2025-05-23,MEDIQ,Healthcare,98.57,99.8,97.18,97.46,3957129
2025-05-26,MEDIQ,Healthcare,97.46,98.32,94.0,94.75,3775013
2025-05-27,MEDIQ,Healthcare,94.75,95.03,92.83,94.45,1448178
2025-05-28,MEDIQ,Healthcare,94.45,96.24,94.44,95.59,3044166
2025-05-29,MEDIQ,Healthcare,95.59,95.6,94.2,95.0,4118642
2025-05-30,MEDIQ,Healthcare,95.0,95.39,92.25,92.48,2360501
2025-06-02,MEDIQ,Healthcare,92.48,93.87,92.45,92.78,1765294
2025-06-03,MEDIQ,Healthcare,92.78,94.1,92.47,93.45,3453091
2025-06-04,MEDIQ,Healthcare,93.45,93.49,91.35,92.4,3889977
2025-06-05,MEDIQ,Healthcare,92.4,96.86,92.34,94.87,4503895
2025-06-06,MEDIQ,Healthcare,94.87,95.94,91.83,92.37,3106266
2025-06-09,MEDIQ,Healthcare,92.37,94.29,92.05,94.11,3944925
2025-06-10,MEDIQ,Healthcare,94.11,94.83,91.9,92.64,2312235
2025-06-11,MEDIQ,Healthcare,92.64,93.16,90.98,91.4,1977567
2025-06-12,MEDIQ,Healthcare,91.4,91.42,89.79,90.6,2101484
2025-06-13,MEDIQ,Healthcare,90.6,94.1,90.38,93.49,3352222
2025-06-16,MEDIQ,Healthcare,93.49,93.93,92.27,92.93,2855867
2025-06-17,MEDIQ,Healthcare,92.93,93.82,91.17,91.23,5222550
2025-06-18,MEDIQ,Healthcare,91.23,91.37,86.92,88.19,3398361
2025-06-19,MEDIQ,Healthcare,88.19,88.38,87.55,87.92,2786186
2025-06-20,MEDIQ,Healthcare,87.92,88.33,86.69,87.5,3545209
2025-06-23,MEDIQ,Healthcare,87.5,88.39,87.32,87.85,2378014
2025-06-24,MEDIQ,Healthcare,87.85,87.85,86.39,87.09,2728031
2025-06-25,MEDIQ,Healthcare,87.09,88.47,84.64,86.44,3007320
2025-06-26,MEDIQ,Healthcare,86.44,88.78,85.95,88.7,3737114
2025-06-27,MEDIQ,Healthcare,88.7,90.19,87.7,87.84,2480769
2025-06-30,MEDIQ,Healthcare,87.84,88.17,85.67,86.81,5647945
2025-07-01,MEDIQ,Healthcare,86.81,87.42,86.04,87.12,3519084
2025-07-02,MEDIQ,Healthcare,87.12,89.64,85.57,89.48,4382558
2025-07-03,MEDIQ,Healthcare,89.48,91.91,89.36,90.83,3817042
2025-07-04,MEDIQ,Healthcare,90.83,91.36,90.06,90.75,2653763
2025-07-07,MEDIQ,Healthcare,90.75,92.15,87.92,88.76,4180045
2025-07-08,MEDIQ,Healthcare,88.76,89.2,88.41,88.9,2058163
2025-07-09,MEDIQ,Healthcare,88.9,90.32,87.87,88.35,2854463
2025-07-10,MEDIQ,Healthcare,88.35,89.21,87.83,89.19,4532756
2025-07-11,MEDIQ,Healthcare,89.19,90.95,89.18,90.63,2391226
2025-07-14,MEDIQ,Healthcare,90.63,92.82,90.4,91.66,5156470
2025-07-15,MEDIQ,Healthcare,91.66,92.46,89.02,89.59,3822841
2025-07-16,MEDIQ,Healthcare,89.59,91.4,89.01,91.39,3257159
2025-07-17,MEDIQ,Healthcare,91.39,92.16,88.66,89.31,4472662
2025-07-18,MEDIQ,Healthcare,89.31,90.99,89.07,89.83,1984710
2025-07-21,MEDIQ,Healthcare,89.83,91.84,89.09,91.44,3461418
2025-07-22,MEDIQ,Healthcare,91.44,92.46,90.09,90.59,1870234
2025-07-23,MEDIQ,Healthcare,90.59,90.61,87.32,87.69,2152679
2025-07-24,MEDIQ,Healthcare,87.69,89.73,87.67,89.28,4841391
2025-07-25,MEDIQ,Healthcare,89.28,90.75,88.58,90.19,4042192
2025-07-28,MEDIQ,Healthcare,90.19,90.87,89.62,90.76,3724382
2025-07-29,MEDIQ,Healthcare,90.76,90.83,88.78,89.76,2617536
2025-07-30,MEDIQ,Healthcare,89.76,90.46,87.01,87.66,3831058
2025-07-31,MEDIQ,Healthcare,87.66,88.0,87.2,87.52,2265017
2025-08-01,MEDIQ,Healthcare,87.52,88.43,86.93,87.95,2521079
2025-08-04,MEDIQ,Healthcare,87.95,87.98,87.33,87.48,50000
2025-08-05,MEDIQ,Healthcare,87.48,87.74,85.47,86.45,2219680
2025-08-06,MEDIQ,Healthcare,86.45,87.66,85.6,86.68,3428162
2025-08-07,MEDIQ,Healthcare,86.68,87.01,85.15,85.67,2561115
2025-08-08,MEDIQ,Healthcare,85.67,89.75,84.96,89.19,4575574
2025-08-11,MEDIQ,Healthcare,89.19,89.45,86.37,87.07,2656792
2025-08-12,MEDIQ,Healthcare,87.07,88.82,85.86,88.35,2934254
2025-08-13,MEDIQ,Healthcare,88.35,88.59,85.99,86.93,1529581
2025-08-14,MEDIQ,Healthcare,86.93,86.98,83.98,84.26,3746079
2025-08-15,MEDIQ,Healthcare,84.26,85.83,83.07,85.48,5400690
2025-08-18,MEDIQ,Healthcare,85.48,86.15,83.53,84.22,2965182
2025-08-19,MEDIQ,Healthcare,84.22,84.53,83.48,84.17,2713943
2025-08-20,MEDIQ,Healthcare,84.17,87.49,83.69,86.11,2659182
2025-08-21,MEDIQ,Healthcare,86.11,88.0,85.68,87.91,4197442
2025-08-22,MEDIQ,Healthcare,87.91,89.54,87.23,89.11,2845396
2025-08-25,MEDIQ,Healthcare,89.11,89.16,88.61,89.14,1188856
2025-08-26,MEDIQ,Healthcare,89.14,89.8,88.58,89.61,2430906
2025-08-27,MEDIQ,Healthcare,89.61,92.03,88.88,89.35,2263399
2025-08-28,MEDIQ,Healthcare,89.35,90.63,89.2,90.09,4679125
2025-08-29,MEDIQ,Healthcare,90.09,92.08,89.75,91.46,3913384
2025-09-01,MEDIQ,Healthcare,91.46,91.59,90.89,91.17,2525917
2025-09-02,MEDIQ,Healthcare,91.17,93.35,90.74,93.24,5092572
2025-09-03,MEDIQ,Healthcare,93.24,95.71,92.92,94.71,4240866
2025-09-04,MEDIQ,Healthcare,94.71,96.8,94.24,96.0,4321318
2025-09-05,MEDIQ,Healthcare,96.0,96.22,93.81,94.93,3220185
2025-09-08,MEDIQ,Healthcare,94.93,95.56,93.69,93.93,1952844
2025-09-09,MEDIQ,Healthcare,93.93,94.16,92.69,93.61,3699024
2025-09-10,MEDIQ,Healthcare,93.61,94.43,92.42,92.63,2045103
2025-09-11,MEDIQ,Healthcare,92.63,93.63,92.31,92.42,3066210
2025-09-12,MEDIQ,Healthcare,92.42,95.73,91.53,94.72,1853132
2025-09-15,MEDIQ,Healthcare,94.72,95.39,93.62,95.28,3370805
2025-09-16,MEDIQ,Healthcare,95.28,95.28,94.64,94.73,1564351
2025-09-17,MEDIQ,Healthcare,94.73,98.99,94.58,98.61,4717963
2025-09-18,MEDIQ,Healthcare,98.61,99.79,98.14,99.69,3849316
2025-09-19,MEDIQ,Healthcare,99.69,100.9,98.62,100.29,3422926
2025-09-22,MEDIQ,Healthcare,100.29,102.48,100.28,101.42,3580858
2025-09-23,MEDIQ,Healthcare,101.42,103.24,101.38,102.68,3423058
2025-09-24,MEDIQ,Healthcare,102.68,104.47,100.17,101.24,2037456
2025-09-25,MEDIQ,Healthcare,101.24,103.82,100.46,103.27,4114389
2025-09-26,MEDIQ,Healthcare,103.27,105.6,101.25,105.57,1706934
2025-09-29,MEDIQ,Healthcare,105.57,107.64,104.87,106.7,3057301
2025-09-30,MEDIQ,Healthcare,106.7,107.06,105.62,106.27,3657181
2025-10-01,MEDIQ,Healthcare,106.27,108.78,106.09,107.96,2427987
2025-10-02,MEDIQ,Healthcare,107.96,108.78,107.28,107.37,5581049
2025-10-03,MEDIQ,Healthcare,107.37,107.76,107.28,107.71,2488098
2025-10-06,MEDIQ,Healthcare,107.71,108.62,107.56,107.65,2296265
2025-10-07,MEDIQ,Healthcare,107.65,108.01,106.13,106.19,4516730
2025-10-08,MEDIQ,Healthcare,106.19,106.44,103.97,104.08,1563530
2025-10-09,MEDIQ,Healthcare,104.08,104.61,102.2,102.81,3482457
2025-10-10,MEDIQ,Healthcare,102.81,103.24,102.27,102.6,4627525
2025-10-13,MEDIQ,Healthcare,102.6,106.67,102.15,105.15,3405209
2025-10-14,MEDIQ,Healthcare,105.15,105.74,105.06,105.43,3202186
2025-10-15,MEDIQ,Healthcare,105.43,106.14,104.19,104.54,3426197
2025-10-16,MEDIQ,Healthcare,104.54,106.19,104.16,105.51,3497274
2025-10-17,MEDIQ,Healthcare,105.51,108.0,105.47,107.07,3131419
2025-10-20,MEDIQ,Healthcare,107.07,108.33,106.91,107.41,3763110
2025-10-21,MEDIQ,Healthcare,107.41,108.69,107.23,108.47,2437161
2025-10-22,MEDIQ,Healthcare,108.47,109.72,108.25,109.65,2906641
2025-10-23,MEDIQ,Healthcare,109.65,110.02,109.04,109.58,2657855
2025-10-24,MEDIQ,Healthcare,109.58,113.47,108.85,112.23,3655543
2025-10-27,MEDIQ,Healthcare,112.23,112.51,109.5,111.17,2929273
2025-10-28,MEDIQ,Healthcare,111.17,112.26,110.34,111.8,2332181
2025-10-29,MEDIQ,Healthcare,111.8,112.55,107.47,109.82,3986848
2025-10-30,MEDIQ,Healthcare,109.82,113.36,108.65,113.23,3024220
2025-10-31,MEDIQ,Healthcare,113.23,114.1,111.76,112.49,3925634
2025-11-03,MEDIQ,Healthcare,112.49,113.1,109.3,110.57,5354373
2025-11-04,MEDIQ,Healthcare,110.57,116.14,108.23,115.36,3609518
2025-11-05,MEDIQ,Healthcare,115.36,115.64,113.87,114.37,3589898
2025-11-06,MEDIQ,Healthcare,114.37,114.57,111.05,112.14,3408660
2025-11-07,MEDIQ,Healthcare,112.14,112.81,111.15,112.41,1539584
2025-11-10,MEDIQ,Healthcare,112.41,113.65,112.27,113.43,4240786
2025-11-11,MEDIQ,Healthcare,113.43,114.29,109.81,111.43,2858824
2025-11-12,MEDIQ,Healthcare,111.43,113.79,110.31,113.69,2978210
2025-11-13,MEDIQ,Healthcare,113.69,114.65,110.86,111.18,2285851
2025-11-14,MEDIQ,Healthcare,111.18,113.13,111.11,113.07,3123160
2025-11-17,MEDIQ,Healthcare,113.07,115.09,112.79,114.42,3842096
2025-11-18,MEDIQ,Healthcare,114.42,114.88,113.8,114.09,3071207
2025-11-19,MEDIQ,Healthcare,114.09,114.48,113.06,113.65,3525455
2025-11-20,MEDIQ,Healthcare,113.65,116.94,112.58,115.92,4824566
2025-11-21,MEDIQ,Healthcare,115.92,116.44,114.62,115.4,3239690
2025-11-24,MEDIQ,Healthcare,115.4,117.27,114.87,115.98,4379992
2025-11-25,MEDIQ,Healthcare,115.98,117.16,115.54,115.71,3834489
2025-11-26,MEDIQ,Healthcare,115.71,117.81,110.64,111.89,3467739
2025-11-27,MEDIQ,Healthcare,111.89,112.14,107.44,108.62,4196906
2025-11-28,MEDIQ,Healthcare,108.62,110.09,107.7,109.32,3917928
2025-12-01,MEDIQ,Healthcare,109.32,110.96,108.16,110.95,4343750
2025-12-02,MEDIQ,Healthcare,110.95,112.11,109.42,110.54,5036368
2025-12-03,MEDIQ,Healthcare,110.54,112.33,110.43,110.5,2664365
2025-12-04,MEDIQ,Healthcare,110.5,111.86,108.85,109.49,3929983
2025-12-05,MEDIQ,Healthcare,109.49,109.87,107.76,108.6,2829936
2025-12-08,MEDIQ,Healthcare,108.6,109.53,106.68,107.98,3745539
2025-12-09,MEDIQ,Healthcare,107.98,108.39,106.88,106.95,3539355
2025-12-10,MEDIQ,Healthcare,106.95,107.53,105.33,105.4,1624952
2025-12-11,MEDIQ,Healthcare,105.4,105.79,103.9,103.96,5213023
2025-12-12,MEDIQ,Healthcare,103.96,105.02,103.79,104.36,2766245
2025-12-15,MEDIQ,Healthcare,104.36,105.36,103.42,104.9,3101350
2025-12-16,MEDIQ,Healthcare,104.9,108.24,104.35,107.51,5982030
2025-12-17,MEDIQ,Healthcare,107.51,108.75,106.18,108.07,5072783
2025-12-18,MEDIQ,Healthcare,108.07,108.48,107.91,108.05,3648953
2025-12-19,MEDIQ,Healthcare,108.05,110.63,107.97,110.15,5025413
2025-12-22,MEDIQ,Healthcare,110.15,111.01,109.43,109.67,3506973
2025-12-23,MEDIQ,Healthcare,109.67,109.72,109.21,109.52,4257640
2025-12-24,MEDIQ,Healthcare,109.52,110.12,106.62,108.35,4212006
2025-12-25,MEDIQ,Healthcare,108.35,108.8,103.08,104.5,2752982
2025-12-26,MEDIQ,Healthcare,104.5,104.61,98.76,99.61,4196756
2025-12-29,MEDIQ,Healthcare,99.61,99.68,96.91,97.21,5189969
2025-12-30,MEDIQ,Healthcare,97.21,99.89,96.98,99.3,5609043
2025-12-31,MEDIQ,Healthcare,99.3,100.35,96.96,97.02,5953723
2026-01-01,MEDIQ,Healthcare,97.02,97.15,95.71,96.75,3935606
2026-01-02,MEDIQ,Healthcare,96.75,98.75,96.3,98.17,2640030
2026-01-05,MEDIQ,Healthcare,98.17,98.23,95.51,96.29,2236757
2026-01-06,MEDIQ,Healthcare,96.29,96.64,95.32,95.71,3585465
2026-01-07,MEDIQ,Healthcare,95.71,96.06,95.58,95.85,2132676
2026-01-08,MEDIQ,Healthcare,95.85,96.14,94.77,96.03,3954696
2026-01-09,MEDIQ,Healthcare,96.03,96.1,93.96,94.79,4229345
2026-01-12,MEDIQ,Healthcare,94.79,95.12,94.12,94.87,3630744
2026-01-13,MEDIQ,Healthcare,94.87,95.43,92.55,94.01,3363994
2026-01-14,MEDIQ,Healthcare,94.01,94.82,93.67,93.93,4232412
2026-01-15,MEDIQ,Healthcare,93.93,94.73,92.6,92.97,4000572
2026-01-16,MEDIQ,Healthcare,92.97,93.14,89.61,90.97,3236019
2026-01-19,MEDIQ,Healthcare,90.97,91.95,90.25,91.59,3969301
2026-01-20,MEDIQ,Healthcare,91.59,91.93,91.45,91.48,5426815
2026-01-21,MEDIQ,Healthcare,91.48,93.9,91.18,93.09,3593397
2026-01-22,MEDIQ,Healthcare,93.09,93.56,89.45,89.77,1686857
2026-01-23,MEDIQ,Healthcare,89.77,91.11,88.21,88.24,4246937
2026-01-26,MEDIQ,Healthcare,88.24,90.01,87.6,89.73,1431663
2026-01-27,MEDIQ,Healthcare,89.73,90.59,86.81,87.39,3451533
2026-01-28,MEDIQ,Healthcare,87.39,87.62,85.94,86.09,3368522
2026-01-29,MEDIQ,Healthcare,86.09,88.36,85.82,87.59,3403363
2026-01-30,MEDIQ,Healthcare,87.59,88.17,86.6,87.18,2228968
2026-02-02,MEDIQ,Healthcare,87.18,87.36,86.79,86.96,3595142
2026-02-03,MEDIQ,Healthcare,86.96,88.56,85.97,87.36,2994254
2026-02-04,MEDIQ,Healthcare,87.36,87.75,85.15,86.19,3664773
2026-02-05,MEDIQ,Healthcare,86.19,86.67,84.48,85.4,2770407
2026-02-06,MEDIQ,Healthcare,85.4,86.84,85.0,86.82,5094366
2026-02-09,MEDIQ,Healthcare,86.82,87.55,86.52,87.19,2595605
2026-02-10,MEDIQ,Healthcare,87.19,88.18,85.95,86.56,2806795
2026-02-11,MEDIQ,Healthcare,86.56,87.49,86.27,86.82,2370377
2026-02-12,MEDIQ,Healthcare,86.82,87.39,86.15,86.66,3023698
2026-02-13,MEDIQ,Healthcare,86.66,88.6,83.28,84.39,4416174
2026-02-16,MEDIQ,Healthcare,84.39,84.46,83.12,83.46,4501503
2026-02-17,MEDIQ,Healthcare,83.46,84.31,83.16,83.81,4144978
2026-02-18,MEDIQ,Healthcare,83.81,86.83,83.34,85.85,3311670
2026-02-19,MEDIQ,Healthcare,85.85,86.04,81.7,81.7,4334431
2026-02-20,MEDIQ,Healthcare,81.7,82.61,81.36,81.79,3600643
2026-02-23,MEDIQ,Healthcare,81.79,83.24,81.42,82.65,2852713
2026-02-24,MEDIQ,Healthcare,82.65,82.71,82.52,82.59,3922177
2026-02-25,MEDIQ,Healthcare,82.59,84.71,81.22,83.41,3316314
2026-02-26,MEDIQ,Healthcare,83.41,84.19,78.32,78.64,3322289
2026-02-27,MEDIQ,Healthcare,78.64,78.9,77.83,78.19,1669010
2026-03-02,MEDIQ,Healthcare,78.19,78.39,76.59,76.95,4031452
2026-03-03,MEDIQ,Healthcare,76.95,77.51,75.78,76.06,3511889
2026-03-04,MEDIQ,Healthcare,76.06,78.98,75.94,77.78,2125878
2026-03-05,MEDIQ,Healthcare,77.78,78.35,75.57,75.88,4071324
2026-03-06,MEDIQ,Healthcare,75.88,77.23,75.63,76.95,5528064
2026-03-09,MEDIQ,Healthcare,76.95,77.37,76.68,76.69,1372906
2026-03-10,MEDIQ,Healthcare,76.69,77.02,73.77,74.36,4610696
2026-03-11,MEDIQ,Healthcare,74.36,75.96,73.46,75.4,2370525
2026-03-12,MEDIQ,Healthcare,75.4,75.67,75.3,75.66,4322208
2026-03-13,MEDIQ,Healthcare,75.66,76.43,74.88,74.89,2857211
2026-03-16,MEDIQ,Healthcare,74.89,79.1,74.66,78.7,2885051
2026-03-17,MEDIQ,Healthcare,78.7,79.31,76.44,76.51,5241065
2026-03-18,MEDIQ,Healthcare,76.51,77.95,76.32,77.82,3686084
2026-03-19,MEDIQ,Healthcare,77.82,78.82,77.12,77.23,3097156
2026-03-20,MEDIQ,Healthcare,77.23,77.35,74.22,74.69,2576336
2026-03-23,MEDIQ,Healthcare,74.69,75.13,73.05,73.87,4298559
2026-03-24,MEDIQ,Healthcare,73.87,74.09,72.69,73.3,3545523
2026-03-25,MEDIQ,Healthcare,73.3,76.48,72.83,76.03,5218961
2026-03-26,MEDIQ,Healthcare,76.03,76.82,75.23,75.69,363674
2026-03-27,MEDIQ,Healthcare,75.69,76.23,74.49,74.58,2324082
2026-03-30,MEDIQ,Healthcare,74.58,75.64,73.84,73.89,5357010
2026-03-31,MEDIQ,Healthcare,73.89,76.03,73.4,74.8,4313248
2026-04-01,MEDIQ,Healthcare,74.8,77.26,74.7,77.04,4869653
2026-04-02,MEDIQ,Healthcare,77.04,79.03,76.62,78.74,3677655
2026-04-03,MEDIQ,Healthcare,78.74,80.23,77.9,79.75,5202779
2026-04-06,MEDIQ,Healthcare,79.75,79.91,78.47,79.01,5833134
2026-04-07,MEDIQ,Healthcare,79.01,79.82,78.49,79.32,3808336
2026-04-08,MEDIQ,Healthcare,79.32,79.82,78.63,79.12,2607826
2026-04-09,MEDIQ,Healthcare,79.12,79.9,75.72,76.76,5546578
2026-04-10,MEDIQ,Healthcare,76.76,77.81,76.66,76.85,2809559
2026-04-13,MEDIQ,Healthcare,76.85,77.02,76.73,76.94,4066050
2026-04-14,MEDIQ,Healthcare,76.94,77.55,76.35,77.14,3417748
2026-04-15,MEDIQ,Healthcare,77.14,77.92,75.95,76.04,3170391
2026-04-16,MEDIQ,Healthcare,76.04,76.17,74.57,76.16,1826028
2026-04-17,MEDIQ,Healthcare,76.16,76.35,73.7,73.91,4060886
2026-04-20,MEDIQ,Healthcare,73.91,75.3,73.08,74.58,2680042
2026-04-21,MEDIQ,Healthcare,74.58,75.52,73.35,75.08,4068006
2026-04-22,MEDIQ,Healthcare,75.08,75.58,74.72,75.04,2477456
2026-04-23,MEDIQ,Healthcare,75.04,75.95,74.3,75.8,2818984
2026-04-24,MEDIQ,Healthcare,75.8,77.03,75.48,76.82,3704865
2026-04-27,MEDIQ,Healthcare,76.82,78.86,76.6,78.72,2605700
2026-04-28,MEDIQ,Healthcare,78.72,80.48,78.61,79.04,2905809
2026-04-29,MEDIQ,Healthcare,79.04,79.59,76.97,77.44,3725150
2026-04-30,MEDIQ,Healthcare,77.44,77.76,77.39,77.59,4178767
2026-05-01,MEDIQ,Healthcare,77.59,78.6,76.64,77.75,3390677
2026-05-04,MEDIQ,Healthcare,77.75,78.48,76.86,77.09,3092272
2026-05-05,MEDIQ,Healthcare,77.09,79.14,76.6,78.93,4534336
2026-05-06,MEDIQ,Healthcare,78.93,80.15,78.53,80.05,3302535
2026-05-07,MEDIQ,Healthcare,80.05,81.06,79.68,80.36,2934403
2026-05-08,MEDIQ,Healthcare,80.36,83.46,79.12,82.01,1705838
2026-05-11,MEDIQ,Healthcare,82.01,82.04,81.17,81.26,4190309
2026-05-12,MEDIQ,Healthcare,81.26,81.42,79.65,80.0,3672329
2026-05-13,MEDIQ,Healthcare,80.0,80.05,79.61,79.94,2554594
2026-05-14,MEDIQ,Healthcare,79.94,80.88,79.59,80.31,2299896
2026-05-15,MEDIQ,Healthcare,80.31,81.1,79.81,81.08,2350859
2026-05-18,MEDIQ,Healthcare,81.08,81.4,78.48,78.94,3547517
2026-05-19,MEDIQ,Healthcare,78.94,79.38,78.04,78.21,3367515
2026-05-20,MEDIQ,Healthcare,78.21,78.53,78.19,78.41,3533284
2026-05-21,MEDIQ,Healthcare,78.41,79.24,77.36,77.5,1988972
2026-05-22,MEDIQ,Healthcare,77.5,78.24,77.12,77.74,5113205
2026-05-25,MEDIQ,Healthcare,77.74,77.94,75.84,76.85,3722059
2026-05-26,MEDIQ,Healthcare,76.85,77.21,75.23,75.85,4039047
2026-05-27,MEDIQ,Healthcare,75.85,77.03,75.36,77.02,4976756
2026-05-28,MEDIQ,Healthcare,77.02,78.27,75.92,76.18,2181501
2026-05-29,MEDIQ,Healthcare,76.18,77.55,75.83,77.33,4777114
2026-06-01,MEDIQ,Healthcare,77.33,77.66,75.91,75.95,5009201
2026-06-02,MEDIQ,Healthcare,75.95,76.29,74.95,75.22,2670514
2026-06-03,MEDIQ,Healthcare,75.22,76.3,73.97,75.42,1824059
2026-06-04,MEDIQ,Healthcare,75.42,75.44,74.0,75.08,1873093
2026-06-05,MEDIQ,Healthcare,75.08,77.77,74.84,77.33,2622088
2026-06-08,MEDIQ,Healthcare,77.33,78.44,76.6,78.02,2276859
2026-06-09,MEDIQ,Healthcare,78.02,78.34,77.33,77.91,3708183
2026-06-10,MEDIQ,Healthcare,77.91,79.27,76.87,78.56,4221557
2026-06-11,MEDIQ,Healthcare,78.56,81.81,77.44,81.53,3600539
2026-06-12,MEDIQ,Healthcare,81.53,81.72,79.25,79.88,2610084
2026-06-15,MEDIQ,Healthcare,79.88,80.24,79.18,79.19,3771724
2026-06-16,MEDIQ,Healthcare,79.19,79.78,78.93,79.49,3307829
2026-06-17,MEDIQ,Healthcare,79.49,80.26,78.04,78.41,4453239
2026-06-18,MEDIQ,Healthcare,78.41,78.53,77.87,78.16,2139064
2026-06-19,MEDIQ,Healthcare,78.16,78.78,75.95,76.14,3851072
2026-06-22,MEDIQ,Healthcare,76.14,77.57,75.63,77.31,1911946
2026-06-23,MEDIQ,Healthcare,77.31,78.7,76.58,77.89,3857303
2026-06-24,MEDIQ,Healthcare,77.89,79.66,77.7,78.66,3864546
2026-06-25,MEDIQ,Healthcare,78.66,79.47,77.91,78.31,3099741
2026-06-26,MEDIQ,Healthcare,78.31,79.54,78.26,78.4,4100327
2026-06-29,MEDIQ,Healthcare,78.4,78.59,77.14,77.91,2448055
2026-06-30,MEDIQ,Healthcare,77.91,78.56,77.36,78.55,3370749
2026-07-01,MEDIQ,Healthcare,78.55,79.82,78.11,78.16,4208141
2026-07-02,MEDIQ,Healthcare,78.16,78.58,77.17,77.71,3333461
2026-07-03,MEDIQ,Healthcare,77.71,77.73,74.3,74.99,4448137
2026-07-06,MEDIQ,Healthcare,74.99,76.49,74.59,75.52,3558619
2026-07-07,MEDIQ,Healthcare,75.52,76.7,75.44,76.01,3539042
2026-07-08,MEDIQ,Healthcare,76.01,76.61,74.72,76.05,3402696
2026-07-09,MEDIQ,Healthcare,76.05,76.62,75.12,76.27,3649777
2026-07-10,MEDIQ,Healthcare,76.27,76.59,74.92,75.99,1104368
2026-07-13,MEDIQ,Healthcare,75.99,76.11,74.39,75.21,1651786
2026-07-14,MEDIQ,Healthcare,75.21,77.5,75.16,77.42,3484019
2026-07-15,MEDIQ,Healthcare,77.42,78.03,76.32,76.94,3476256
2026-07-16,MEDIQ,Healthcare,76.94,77.37,75.03,76.51,3524733
2026-07-17,MEDIQ,Healthcare,76.51,77.9,75.7,77.24,4924882
2026-07-20,MEDIQ,Healthcare,77.24,77.69,74.1,74.36,4575947
2026-07-21,MEDIQ,Healthcare,74.36,74.72,74.35,74.62,2180502
2026-07-22,MEDIQ,Healthcare,74.62,75.03,72.59,72.97,5210640
2026-07-23,MEDIQ,Healthcare,72.97,73.35,71.97,72.13,4447635
2026-07-24,MEDIQ,Healthcare,72.13,73.37,71.94,73.25,4348081
2026-07-27,MEDIQ,Healthcare,73.25,74.37,72.53,73.99,2959624
2026-07-28,MEDIQ,Healthcare,73.99,76.34,73.37,75.69,2308124
2026-07-29,MEDIQ,Healthcare,75.69,77.82,75.4,77.16,2825479
2026-07-30,MEDIQ,Healthcare,77.16,79.51,76.5,79.06,3788392
2026-07-31,MEDIQ,Healthcare,79.06,80.55,77.75,79.38,2892996
2026-08-03,MEDIQ,Healthcare,79.38,80.37,78.73,79.7,3617596
2026-08-04,MEDIQ,Healthcare,79.7,80.48,79.23,80.39,2079131
2026-08-05,MEDIQ,Healthcare,80.39,81.39,79.95,79.99,3239200
2026-08-06,MEDIQ,Healthcare,79.99,83.65,79.51,82.78,5752925
2026-08-07,MEDIQ,Healthcare,82.78,83.31,81.79,82.4,2469079
2026-08-10,MEDIQ,Healthcare,82.4,83.4,81.71,82.9,4627103
2026-08-11,MEDIQ,Healthcare,82.9,83.64,82.63,82.84,3833585
2026-08-12,MEDIQ,Healthcare,82.84,83.4,82.58,83.13,1598235
2026-08-13,MEDIQ,Healthcare,83.13,83.19,80.71,81.75,4244691
2026-08-14,MEDIQ,Healthcare,81.75,83.05,81.06,82.84,4695976
2026-08-17,MEDIQ,Healthcare,82.84,85.49,82.52,85.4,3966982
2026-08-18,MEDIQ,Healthcare,85.4,86.18,85.38,86.1,4067114
2026-08-19,MEDIQ,Healthcare,86.1,90.09,86.04,89.16,2487617
2026-08-20,MEDIQ,Healthcare,89.16,91.72,88.19,91.31,4265804
2026-08-21,MEDIQ,Healthcare,91.31,94.2,91.17,93.73,4081338
2026-08-24,MEDIQ,Healthcare,93.73,96.38,93.65,95.75,3038971
2026-08-25,MEDIQ,Healthcare,95.75,95.98,93.32,94.1,3993414
2026-08-26,MEDIQ,Healthcare,94.1,95.14,93.73,95.04,2461181
2026-08-27,MEDIQ,Healthcare,95.04,95.17,94.43,94.62,3402403
2026-08-28,MEDIQ,Healthcare,94.62,94.89,92.22,94.46,3870298
2026-08-31,MEDIQ,Healthcare,94.46,95.24,94.14,95.07,3032093
2026-09-01,MEDIQ,Healthcare,95.07,96.86,93.95,95.52,2517906
2026-09-02,MEDIQ,Healthcare,95.52,96.01,94.46,95.84,1711248
2026-09-03,MEDIQ,Healthcare,95.84,96.93,94.7,94.79,4129532
2026-09-04,MEDIQ,Healthcare,94.79,98.24,94.72,97.74,3439524
2026-09-07,MEDIQ,Healthcare,97.74,97.96,94.27,94.9,4295932
2026-09-08,MEDIQ,Healthcare,94.9,96.08,94.43,95.81,4460005
2026-09-09,MEDIQ,Healthcare,95.81,96.02,95.01,95.12,4562731
2023-11-23,FINBK,Finance,210.0,214.14,208.5,212.49,3855007
2023-11-24,FINBK,Finance,212.49,213.07,211.07,212.37,3183214
2023-11-27,FINBK,Finance,212.37,213.54,211.89,212.54,4440942
2023-11-28,FINBK,Finance,212.54,213.38,208.77,210.58,1890798
2023-11-29,FINBK,Finance,210.58,212.02,208.3,209.75,2934894
2023-11-30,FINBK,Finance,209.75,210.95,206.47,207.94,2086337
2023-12-01,FINBK,Finance,207.94,208.23,204.21,204.98,3042087
2023-12-04,FINBK,Finance,204.98,207.57,202.38,206.69,2793436
2023-12-05,FINBK,Finance,206.69,207.23,205.26,206.89,1376392
2023-12-06,FINBK,Finance,206.89,208.01,204.11,205.66,4263244
2023-12-07,FINBK,Finance,205.66,207.08,203.08,203.68,3845628
2023-12-08,FINBK,Finance,203.68,207.18,202.63,204.7,3092259
2023-12-11,FINBK,Finance,204.7,206.89,204.53,205.94,3457225
2023-12-12,FINBK,Finance,205.94,207.04,205.55,206.19,3088981
2023-12-13,FINBK,Finance,206.19,206.29,204.97,205.57,3319034
2023-12-14,FINBK,Finance,205.57,208.21,205.24,206.55,2508090
2023-12-15,FINBK,Finance,206.55,210.49,205.21,208.78,3587664
2023-12-18,FINBK,Finance,208.78,211.69,208.3,210.12,2580132
2023-12-19,FINBK,Finance,210.12,211.31,208.05,208.93,3117376
2023-12-20,FINBK,Finance,208.93,210.62,205.84,207.6,3712417
2023-12-21,FINBK,Finance,207.6,208.5,205.8,205.89,2923205
2023-12-22,FINBK,Finance,205.89,207.92,205.46,207.0,3244197
2023-12-25,FINBK,Finance,207.0,207.83,203.49,205.8,2428709
2023-12-26,FINBK,Finance,205.8,208.27,201.55,201.73,2783455
2023-12-27,FINBK,Finance,201.73,202.44,199.79,202.28,1396061
2023-12-28,FINBK,Finance,202.28,203.2,201.76,203.03,1553842
2023-12-29,FINBK,Finance,203.03,205.78,202.7,204.22,2342097
2024-01-01,FINBK,Finance,204.22,206.05,202.93,204.37,3091723
2024-01-02,FINBK,Finance,204.37,204.74,199.52,200.08,3154286
2024-01-03,FINBK,Finance,200.08,201.55,198.78,199.46,2476511
2024-01-04,FINBK,Finance,199.46,199.9,193.19,194.33,3196485
2024-01-05,FINBK,Finance,194.33,198.94,193.94,198.43,3370315
2024-01-08,FINBK,Finance,198.43,198.74,197.94,198.3,3495014
2024-01-09,FINBK,Finance,198.3,199.58,194.79,196.12,5268265
2024-01-10,FINBK,Finance,196.12,197.76,194.87,197.4,3748006
2024-01-11,FINBK,Finance,197.4,197.66,196.01,197.17,3174397
2024-01-12,FINBK,Finance,197.17,198.07,195.34,196.2,1679231
2024-01-15,FINBK,Finance,196.2,198.38,195.17,197.57,2387949
2024-01-16,FINBK,Finance,197.57,197.91,196.9,197.08,3457367
2024-01-17,FINBK,Finance,197.08,201.9,195.05,201.29,4382864
2024-01-18,FINBK,Finance,201.29,205.88,199.98,205.4,3359894
2024-01-19,FINBK,Finance,205.4,206.19,201.04,202.68,3018646
2024-01-22,FINBK,Finance,202.68,202.84,199.84,200.28,3458619
2024-01-23,FINBK,Finance,200.28,201.56,199.53,200.37,2967183
2024-01-24,FINBK,Finance,200.37,203.07,197.47,198.04,3129092
2024-01-25,FINBK,Finance,198.04,203.67,197.86,201.44,3768014
2024-01-26,FINBK,Finance,201.44,201.62,198.85,199.09,3461600
2024-01-29,FINBK,Finance,199.09,200.6,198.81,199.93,1974413
2024-01-30,FINBK,Finance,199.93,200.58,197.38,197.71,4294862
2024-01-31,FINBK,Finance,197.71,198.14,193.88,195.0,3030537
2024-02-01,FINBK,Finance,195.0,196.28,194.69,196.11,2922356
2024-02-02,FINBK,Finance,196.11,199.55,195.68,197.72,3481350
2024-02-05,FINBK,Finance,197.72,200.81,197.26,199.03,4560389
2024-02-06,FINBK,Finance,199.03,200.61,196.52,197.49,2312189
2024-02-07,FINBK,Finance,197.49,198.32,196.75,198.26,2886038
2024-02-08,FINBK,Finance,198.26,199.89,197.45,197.57,3848215
2024-02-09,FINBK,Finance,197.57,199.54,196.27,197.07,2496298
2024-02-12,FINBK,Finance,197.07,201.25,195.18,200.72,4365273
2024-02-13,FINBK,Finance,200.72,202.9,200.36,200.39,3132417
2024-02-14,FINBK,Finance,200.39,205.17,199.56,203.23,4143973
2024-02-15,FINBK,Finance,203.23,206.46,202.62,205.14,1345731
2024-02-16,FINBK,Finance,205.14,206.56,204.55,204.8,3933714
2024-02-19,FINBK,Finance,204.8,207.01,204.38,205.59,1888090
2024-02-20,FINBK,Finance,205.59,205.77,199.16,199.41,2630579
2024-02-21,FINBK,Finance,199.41,200.29,195.15,195.38,4181152
2024-02-22,FINBK,Finance,195.38,197.75,194.17,195.86,3867706
2024-02-23,FINBK,Finance,195.86,196.83,195.35,196.01,3988857
2024-02-26,FINBK,Finance,196.01,197.55,196.0,196.75,2867769
2024-02-27,FINBK,Finance,196.75,199.34,196.71,197.94,3518736
2024-02-28,FINBK,Finance,197.94,199.66,197.02,198.06,3007545
2024-02-29,FINBK,Finance,198.06,198.97,197.58,198.61,1387305
2024-03-01,FINBK,Finance,198.61,200.38,196.42,197.93,3025777
2024-03-04,FINBK,Finance,197.93,199.0,197.01,197.52,2017882
2024-03-05,FINBK,Finance,197.52,197.91,195.32,197.39,2391137
2024-03-06,FINBK,Finance,197.39,197.52,195.24,196.99,4101163
2024-03-07,FINBK,Finance,196.99,197.04,196.32,196.79,2309519
2024-03-08,FINBK,Finance,196.79,198.34,195.73,197.91,3675769
2024-03-11,FINBK,Finance,197.91,202.36,196.81,201.49,2897985
2024-03-12,FINBK,Finance,201.49,203.29,195.23,197.67,5054579
2024-03-13,FINBK,Finance,197.67,199.04,195.65,196.91,1530123
2024-03-14,FINBK,Finance,196.91,198.81,196.53,196.69,3300585
2024-03-15,FINBK,Finance,196.69,200.47,194.29,199.98,5433489
2024-03-18,FINBK,Finance,199.98,200.67,198.87,199.71,2716751
2024-03-19,FINBK,Finance,199.71,201.24,195.54,196.97,3483564
2024-03-20,FINBK,Finance,196.97,198.43,193.9,194.03,2855199
2024-03-21,FINBK,Finance,194.03,195.22,192.42,193.27,4372393
2024-03-22,FINBK,Finance,193.27,193.67,190.14,191.01,3721475
2024-03-25,FINBK,Finance,191.01,195.06,188.9,194.57,4004416
2024-03-26,FINBK,Finance,194.57,197.47,194.55,197.08,4215464
2024-03-27,FINBK,Finance,197.08,201.82,196.99,200.94,4902869
2024-03-28,FINBK,Finance,200.94,202.65,194.89,195.69,3641838
2024-03-29,FINBK,Finance,195.69,197.23,195.02,197.15,2402446
2024-04-01,FINBK,Finance,197.15,199.73,195.71,198.54,5083446
2024-04-02,FINBK,Finance,198.54,199.49,196.73,199.16,2584857
2024-04-03,FINBK,Finance,199.16,200.42,198.01,198.74,3779651
2024-04-04,FINBK,Finance,198.74,198.99,198.45,198.78,2651783
2024-04-05,FINBK,Finance,198.78,200.81,197.5,197.8,2669690
2024-04-08,FINBK,Finance,197.8,198.29,195.83,196.61,3362794
2024-04-09,FINBK,Finance,196.61,199.68,196.26,199.0,2834434
2024-04-10,FINBK,Finance,199.0,200.47,197.33,199.78,4200858
2024-04-11,FINBK,Finance,199.78,199.91,197.73,198.53,4160768
2024-04-12,FINBK,Finance,198.53,200.88,197.03,200.8,2293701
2024-04-15,FINBK,Finance,200.8,201.91,199.48,201.5,3124545
2024-04-16,FINBK,Finance,201.5,204.47,200.16,203.07,2825681
2024-04-17,FINBK,Finance,203.07,206.83,201.82,206.17,2904229
2024-04-18,FINBK,Finance,206.17,206.65,205.71,205.98,3325435
2024-04-19,FINBK,Finance,205.98,206.06,203.49,205.6,3402257
2024-04-22,FINBK,Finance,205.6,207.58,204.26,205.42,1382091
2024-04-23,FINBK,Finance,205.42,207.41,204.17,206.98,1722136
2024-04-24,FINBK,Finance,206.98,212.63,203.89,210.84,2973643
2024-04-25,FINBK,Finance,210.84,215.71,210.22,215.09,3188539
2024-04-26,FINBK,Finance,215.09,217.29,210.9,212.24,1483548
2024-04-29,FINBK,Finance,212.24,214.05,210.4,212.92,2223095
2024-04-30,FINBK,Finance,212.92,216.75,212.13,216.06,4563969
2024-05-01,FINBK,Finance,216.06,219.58,214.89,219.23,2936483
2024-05-02,FINBK,Finance,219.23,220.28,217.99,220.03,1670427
2024-05-03,FINBK,Finance,220.03,220.27,215.49,216.13,2781152
2024-05-06,FINBK,Finance,216.13,216.15,211.52,211.58,4191415
2024-05-07,FINBK,Finance,211.58,211.97,210.09,211.8,1833720
2024-05-08,FINBK,Finance,211.8,215.34,210.74,213.21,2009943
2024-05-09,FINBK,Finance,213.21,215.33,213.19,215.25,2157575
2024-05-10,FINBK,Finance,215.25,216.24,214.03,214.52,2165294
2024-05-13,FINBK,Finance,214.52,220.18,213.48,217.98,5092377
2024-05-14,FINBK,Finance,217.98,219.7,216.6,216.89,2675478
2024-05-15,FINBK,Finance,216.89,218.32,211.19,214.76,2991729
2024-05-16,FINBK,Finance,214.76,216.68,209.07,209.84,2733531
2024-05-17,FINBK,Finance,209.84,210.69,207.22,207.53,1378056
2024-05-20,FINBK,Finance,207.53,212.58,205.67,212.02,4869370
2024-05-21,FINBK,Finance,212.02,213.34,208.7,209.52,1444702
2024-05-22,FINBK,Finance,209.52,210.02,207.91,208.49,2830318
2024-05-23,FINBK,Finance,208.49,211.53,207.44,211.4,4036348
2024-05-24,FINBK,Finance,211.4,215.15,210.85,211.94,3421632
2024-05-27,FINBK,Finance,211.94,213.17,211.08,212.03,3314514
2024-05-28,FINBK,Finance,212.03,212.55,205.65,208.09,2417857
2024-05-29,FINBK,Finance,208.09,208.98,206.07,206.23,2189036
2024-05-30,FINBK,Finance,206.23,208.37,205.57,207.32,1467635
2024-05-31,FINBK,Finance,207.32,211.01,206.28,209.83,3659561
2024-06-03,FINBK,Finance,209.83,211.73,207.41,210.43,2190974
2024-06-04,FINBK,Finance,210.43,213.31,210.27,213.19,1787082
2024-06-05,FINBK,Finance,213.19,214.47,211.92,212.51,2063411
2024-06-06,FINBK,Finance,212.51,213.03,211.28,211.41,1610906
2024-06-07,FINBK,Finance,211.41,211.87,206.79,207.78,4511239
2024-06-10,FINBK,Finance,207.78,209.14,206.02,208.39,2784463
2024-06-11,FINBK,Finance,208.39,209.48,206.36,206.99,2983026
2024-06-12,FINBK,Finance,206.99,210.76,206.95,210.49,3427222
2024-06-13,FINBK,Finance,210.49,210.59,206.42,208.17,3700124
2024-06-14,FINBK,Finance,208.17,208.49,207.76,208.29,3691628
2024-06-17,FINBK,Finance,208.29,210.27,207.88,209.85,3638160
2024-06-18,FINBK,Finance,209.85,210.06,204.67,207.36,3760848
2024-06-19,FINBK,Finance,207.36,209.98,206.87,209.04,3491198
2024-06-20,FINBK,Finance,209.04,214.46,209.01,212.66,3557627
2024-06-21,FINBK,Finance,212.66,217.48,212.24,215.53,4656870
2024-06-24,FINBK,Finance,215.53,218.58,213.59,218.1,3236461
2024-06-25,FINBK,Finance,218.1,218.53,215.55,216.6,2191141
2024-06-26,FINBK,Finance,216.6,218.19,210.77,211.28,3759121
2024-06-27,FINBK,Finance,211.28,212.67,209.68,211.31,2098118
2024-06-28,FINBK,Finance,211.31,211.78,208.52,209.52,4881922
2024-07-01,FINBK,Finance,209.52,213.17,209.37,212.15,4800038
2024-07-02,FINBK,Finance,212.15,212.19,211.42,211.63,3701835
2024-07-03,FINBK,Finance,211.63,213.9,210.96,213.29,3800276
2024-07-04,FINBK,Finance,213.29,215.67,211.26,215.17,3011093
2024-07-05,FINBK,Finance,215.17,219.17,213.62,216.82,2776866
2024-07-08,FINBK,Finance,216.82,218.58,215.8,215.85,2261534
2024-07-09,FINBK,Finance,215.85,217.87,214.26,217.34,2317827
2024-07-10,FINBK,Finance,217.34,222.42,217.2,221.91,3241500
2024-07-11,FINBK,Finance,221.91,223.1,221.52,222.73,3195363
2024-07-12,FINBK,Finance,222.73,225.13,221.42,225.09,2656980
2024-07-15,FINBK,Finance,225.09,227.83,218.66,219.79,2677357
2024-07-16,FINBK,Finance,219.79,220.63,217.07,219.09,1765950
2024-07-17,FINBK,Finance,219.09,219.58,218.01,219.44,2942982
2024-07-18,FINBK,Finance,219.44,219.77,213.6,214.85,3585160
2024-07-19,FINBK,Finance,214.85,220.88,213.82,218.59,2851137
2024-07-22,FINBK,Finance,218.59,219.56,217.41,217.64,3492443
2024-07-23,FINBK,Finance,217.64,217.94,215.04,216.05,2477814
2024-07-24,FINBK,Finance,216.05,218.18,214.69,218.11,3034665
2024-07-25,FINBK,Finance,218.11,219.21,217.99,219.16,3356537
2024-07-26,FINBK,Finance,219.16,222.27,217.27,220.61,1396774
2024-07-29,FINBK,Finance,220.61,220.74,218.3,218.84,4701970
2024-07-30,FINBK,Finance,218.84,219.51,211.28,214.01,3563879
2024-07-31,FINBK,Finance,214.01,216.8,213.85,214.75,4048677
2024-08-01,FINBK,Finance,214.75,216.86,212.93,216.29,3434715
2024-08-02,FINBK,Finance,216.29,217.98,212.26,212.47,4652943
2024-08-05,FINBK,Finance,212.47,212.81,211.02,211.28,3091158
2024-08-06,FINBK,Finance,211.28,211.78,209.06,210.23,1987844
2024-08-07,FINBK,Finance,210.23,214.34,210.15,213.41,5042563
2024-08-08,FINBK,Finance,213.41,215.1,212.54,212.76,2127808
2024-08-09,FINBK,Finance,212.76,218.82,212.61,217.52,4308644
2024-08-12,FINBK,Finance,217.52,218.61,213.41,216.51,2159543
2024-08-13,FINBK,Finance,216.51,219.43,216.24,219.1,1958831
2024-08-14,FINBK,Finance,219.1,225.6,218.84,224.0,3107564
2024-08-15,FINBK,Finance,224.0,229.51,222.72,226.82,5452274
2024-08-16,FINBK,Finance,226.82,227.93,222.75,224.35,3692990
2024-08-19,FINBK,Finance,224.35,225.07,223.26,224.87,4184941
2024-08-20,FINBK,Finance,224.87,225.67,219.71,220.8,2952643
2024-08-21,FINBK,Finance,220.8,222.15,217.03,218.73,2933297
2024-08-22,FINBK,Finance,218.73,220.39,217.7,219.63,2570487
2024-08-23,FINBK,Finance,219.63,223.56,218.75,223.39,4173772
2024-08-26,FINBK,Finance,223.39,226.14,221.27,221.75,3244806
2024-08-27,FINBK,Finance,221.75,223.58,221.18,223.27,5071849
2024-08-28,FINBK,Finance,223.27,224.26,218.62,219.37,3074805
2024-08-29,FINBK,Finance,219.37,220.43,217.83,218.58,4374202
2024-08-30,FINBK,Finance,218.58,220.0,217.29,219.86,3627038
2024-09-02,FINBK,Finance,219.86,226.11,219.36,225.59,3015504
2024-09-03,FINBK,Finance,225.59,229.31,223.77,224.31,2340617
2024-09-04,FINBK,Finance,224.31,225.33,218.6,220.02,3107523
2024-09-05,FINBK,Finance,220.02,225.83,218.0,223.94,3704020
2024-09-06,FINBK,Finance,223.94,229.22,223.39,227.07,3917290
2024-09-09,FINBK,Finance,227.07,228.16,220.34,221.51,3252609
2024-09-10,FINBK,Finance,221.51,226.41,221.37,224.88,2909677
2024-09-11,FINBK,Finance,224.88,224.93,221.54,222.3,2956834
2024-09-12,FINBK,Finance,222.3,223.99,216.24,216.48,3214887
2024-09-13,FINBK,Finance,216.48,220.75,212.84,218.75,3675285
2024-09-16,FINBK,Finance,218.75,219.41,214.89,215.05,4055674
2024-09-17,FINBK,Finance,215.05,217.47,213.23,213.81,3522109
2024-09-18,FINBK,Finance,213.81,217.98,212.49,216.45,2656377
2024-09-19,FINBK,Finance,216.45,218.1,216.22,217.44,3941089
2024-09-20,FINBK,Finance,217.44,218.33,214.04,214.28,5761148
2024-09-23,FINBK,Finance,214.28,216.9,209.55,212.1,3149101
2024-09-24,FINBK,Finance,212.1,212.98,211.3,211.39,1780808
2024-09-25,FINBK,Finance,211.39,213.29,210.46,211.24,2799265
2024-09-26,FINBK,Finance,211.24,211.71,206.64,206.97,3551731
2024-09-27,FINBK,Finance,206.97,207.33,205.85,206.47,3031212
2024-09-30,FINBK,Finance,206.47,207.56,205.08,207.29,3724204
2024-10-01,FINBK,Finance,207.29,209.71,206.77,207.81,4258434
2024-10-02,FINBK,Finance,207.81,211.68,206.19,209.37,3308541
2024-10-03,FINBK,Finance,209.37,209.72,208.85,209.28,3215181
2024-10-04,FINBK,Finance,209.28,210.88,207.69,207.83,2802321
2024-10-07,FINBK,Finance,207.83,208.17,205.34,205.57,3641641
2024-10-08,FINBK,Finance,205.57,207.54,202.31,203.08,4756857
2024-10-09,FINBK,Finance,203.08,205.01,200.27,200.62,3283817
2024-10-10,FINBK,Finance,200.62,202.28,198.52,199.7,2386124
2024-10-11,FINBK,Finance,199.7,200.89,195.63,197.87,1748087
2024-10-14,FINBK,Finance,197.87,198.22,197.29,197.87,2728765
2024-10-15,FINBK,Finance,197.87,204.19,197.59,203.91,2840870
2024-10-16,FINBK,Finance,203.91,205.01,202.44,204.26,1682041
2024-10-17,FINBK,Finance,204.26,204.81,202.98,203.7,3072070
2024-10-18,FINBK,Finance,203.7,206.06,201.79,205.06,4102332
2024-10-21,FINBK,Finance,205.06,206.39,200.53,201.79,4070517
2024-10-22,FINBK,Finance,201.79,202.19,198.18,198.72,3298403
2024-10-23,FINBK,Finance,198.72,200.66,198.01,199.38,2512869
2024-10-24,FINBK,Finance,199.38,199.66,198.52,198.64,3110910
2024-10-25,FINBK,Finance,198.64,199.0,196.89,196.89,1886603
2024-10-28,FINBK,Finance,196.89,197.35,194.34,195.84,4213887
2024-10-29,FINBK,Finance,195.84,200.35,194.25,198.86,3225268
2024-10-30,FINBK,Finance,198.86,200.5,197.76,199.9,3506085
2024-10-31,FINBK,Finance,199.9,201.3,196.25,197.99,3411773
2024-11-01,FINBK,Finance,197.99,200.17,197.85,199.39,2069482
2024-11-04,FINBK,Finance,199.39,200.77,197.22,197.8,3328958
2024-11-05,FINBK,Finance,197.8,198.2,194.75,195.28,4342799
2024-11-06,FINBK,Finance,195.28,197.72,195.13,197.13,2693952
2024-11-07,FINBK,Finance,197.13,198.15,193.59,193.82,3736151
2024-11-08,FINBK,Finance,193.82,194.55,192.73,194.2,3105676
2024-11-11,FINBK,Finance,194.2,197.96,189.63,195.88,3480398
2024-11-12,FINBK,Finance,195.88,196.13,192.22,192.57,5027315
2024-11-13,FINBK,Finance,192.57,193.72,191.6,193.53,3464912
2024-11-14,FINBK,Finance,193.53,194.78,191.23,192.51,3430250
2024-11-15,FINBK,Finance,192.51,192.74,188.75,188.97,5171454
2024-11-18,FINBK,Finance,188.97,189.65,184.54,185.46,3792554
2024-11-19,FINBK,Finance,185.46,186.96,184.8,185.9,4198453
2024-11-20,FINBK,Finance,185.9,186.32,185.69,185.82,1941696
2024-11-21,FINBK,Finance,185.82,188.51,183.25,187.94,2276313
2024-11-22,FINBK,Finance,187.94,191.33,187.76,189.83,4191363
2024-11-25,FINBK,Finance,189.83,190.07,184.52,185.15,2835551
2024-11-26,FINBK,Finance,185.15,187.29,185.0,186.04,3307814
2024-11-27,FINBK,Finance,186.04,186.34,184.83,186.34,4047864
2024-11-28,FINBK,Finance,186.34,187.48,185.43,187.03,2664144
2024-11-29,FINBK,Finance,187.03,188.75,184.78,186.67,2496976
2024-12-02,FINBK,Finance,186.67,188.62,185.53,187.88,2384116
2024-12-03,FINBK,Finance,187.88,188.28,184.47,186.89,4115468
2024-12-04,FINBK,Finance,186.89,190.56,185.77,189.23,2089817
2024-12-05,FINBK,Finance,189.23,190.74,186.14,186.75,2069888
2024-12-06,FINBK,Finance,186.75,187.02,185.53,185.83,3354166
2024-12-09,FINBK,Finance,185.83,186.59,183.31,184.02,3082110
2024-12-10,FINBK,Finance,184.02,186.28,183.39,185.57,3771052
2024-12-11,FINBK,Finance,185.57,186.0,183.08,183.7,5240177
2024-12-12,FINBK,Finance,183.7,185.59,183.11,185.07,2155604
2024-12-13,FINBK,Finance,185.07,185.39,184.71,185.36,3144280
2024-12-16,FINBK,Finance,185.36,186.59,185.3,186.24,1967059
2024-12-17,FINBK,Finance,186.24,187.8,185.21,185.57,3067956
2024-12-18,FINBK,Finance,185.57,191.37,184.33,189.82,5375375
2024-12-19,FINBK,Finance,189.82,190.24,188.46,189.97,3423385
2024-12-20,FINBK,Finance,189.97,192.5,189.81,191.25,2843373
2024-12-23,FINBK,Finance,191.25,193.16,189.81,191.87,3924336
2024-12-24,FINBK,Finance,191.87,192.12,190.92,191.07,2376015
2024-12-25,FINBK,Finance,191.07,191.38,188.26,190.1,4009768
2024-12-26,FINBK,Finance,190.1,192.69,188.82,192.27,3233228
2024-12-27,FINBK,Finance,192.27,196.01,191.53,194.54,5572744
2024-12-30,FINBK,Finance,194.54,198.73,194.29,197.06,4271934
2024-12-31,FINBK,Finance,197.06,198.0,194.64,195.4,3480425
2025-01-01,FINBK,Finance,195.4,199.17,195.18,198.53,3480717
2025-01-02,FINBK,Finance,198.53,198.8,194.09,196.11,4325614
2025-01-03,FINBK,Finance,196.11,196.88,195.13,196.26,2805827
2025-01-06,FINBK,Finance,196.26,198.57,195.43,197.92,2390054
2025-01-07,FINBK,Finance,197.92,200.39,197.85,199.52,3312568
2025-01-08,FINBK,Finance,199.52,201.34,198.01,200.31,1320349
2025-01-09,FINBK,Finance,200.31,202.48,196.57,198.99,4893825
2025-01-10,FINBK,Finance,198.99,201.11,195.77,198.57,2488790
2025-01-13,FINBK,Finance,198.57,200.12,197.1,198.13,3260474
2025-01-14,FINBK,Finance,198.13,199.28,195.76,196.06,3931408
2025-01-15,FINBK,Finance,196.06,198.24,195.29,197.02,3516015
2025-01-16,FINBK,Finance,197.02,197.95,193.72,194.53,3071139
2025-01-17,FINBK,Finance,194.53,198.87,193.96,198.28,3451873
2025-01-20,FINBK,Finance,198.28,199.33,197.19,198.47,3659156
2025-01-21,FINBK,Finance,198.47,201.24,196.66,200.52,2720296
2025-01-22,FINBK,Finance,200.52,205.69,199.3,204.59,1645902
2025-01-23,FINBK,Finance,204.59,205.21,202.89,203.53,3352133
2025-01-24,FINBK,Finance,203.53,204.01,200.21,200.66,1559894
2025-01-27,FINBK,Finance,200.66,201.59,196.63,198.34,3465968
2025-01-28,FINBK,Finance,198.34,201.75,196.92,199.95,4442807
2025-01-29,FINBK,Finance,199.95,200.8,194.62,195.2,4261003
2025-01-30,FINBK,Finance,195.2,195.56,192.96,193.65,3296296
2025-01-31,FINBK,Finance,193.65,197.38,192.49,196.47,2564103
2025-02-03,FINBK,Finance,196.47,197.43,193.43,194.51,4066712
2025-02-04,FINBK,Finance,194.51,195.05,190.53,191.48,3416200
2025-02-05,FINBK,Finance,191.48,192.0,188.24,189.05,5083384
2025-02-06,FINBK,Finance,189.05,193.29,187.51,192.59,3516767
2025-02-07,FINBK,Finance,192.59,196.12,192.31,194.4,2978333
2025-02-10,FINBK,Finance,194.4,194.5,189.52,190.46,4475111
2025-02-11,FINBK,Finance,190.46,192.28,188.2,191.65,2682070
2025-02-12,FINBK,Finance,191.65,192.01,190.28,190.99,4919314
2025-02-13,FINBK,Finance,190.99,191.56,190.69,191.31,3153829
2025-02-14,FINBK,Finance,191.31,191.45,188.94,189.45,3437170
2025-02-17,FINBK,Finance,189.45,191.02,187.44,190.53,3735848
2025-02-18,FINBK,Finance,190.53,191.78,187.78,189.03,3603150
2025-02-19,FINBK,Finance,189.03,190.94,188.02,188.56,1738042
2025-02-20,FINBK,Finance,188.56,189.19,187.56,188.92,4672674
2025-02-21,FINBK,Finance,188.92,188.98,185.55,185.86,3829119
2025-02-24,FINBK,Finance,185.86,186.77,185.37,186.38,2039695
2025-02-25,FINBK,Finance,186.38,189.15,185.35,188.63,2983007
2025-02-26,FINBK,Finance,188.63,189.85,186.77,187.18,2191043
2025-02-27,FINBK,Finance,187.18,192.87,186.87,191.37,5199905
2025-02-28,FINBK,Finance,191.37,192.99,190.26,192.78,1860233
2025-03-03,FINBK,Finance,192.78,196.36,192.27,194.6,2123994
2025-03-04,FINBK,Finance,194.6,195.75,188.77,188.9,5479692
2025-03-05,FINBK,Finance,188.9,190.81,188.45,190.46,2639057
2025-03-06,FINBK,Finance,190.46,193.95,188.06,193.71,2720670
2025-03-07,FINBK,Finance,193.71,194.35,191.11,191.76,3137853
2025-03-10,FINBK,Finance,191.76,193.27,190.82,191.62,4704812
2025-03-11,FINBK,Finance,191.62,191.72,189.79,190.11,3306594
2025-03-12,FINBK,Finance,190.11,191.66,189.26,191.17,2077468
2025-03-13,FINBK,Finance,191.17,197.52,190.37,196.95,1928830
2025-03-14,FINBK,Finance,196.95,197.1,195.77,196.33,563669
2025-03-17,FINBK,Finance,196.33,198.11,195.94,196.76,2103583
2025-03-18,FINBK,Finance,196.76,197.08,193.55,194.78,2779134
2025-03-19,FINBK,Finance,194.78,196.92,190.85,192.03,2040682
2025-03-20,FINBK,Finance,192.03,192.89,190.95,191.65,2292460
2025-03-21,FINBK,Finance,191.65,193.5,190.31,192.21,2931672
2025-03-24,FINBK,Finance,192.21,192.66,188.22,188.25,2598300
2025-03-25,FINBK,Finance,188.25,189.84,187.17,187.26,4117101
2025-03-26,FINBK,Finance,187.26,187.96,184.27,184.83,4515211
2025-03-27,FINBK,Finance,184.83,185.02,181.25,181.56,3320368
2025-03-28,FINBK,Finance,181.56,182.1,174.59,176.2,3838308
2025-03-31,FINBK,Finance,176.2,176.74,172.2,174.05,4190880
2025-04-01,FINBK,Finance,174.05,175.8,173.36,175.42,2997233
2025-04-02,FINBK,Finance,175.42,176.0,173.71,175.29,4030064
2025-04-03,FINBK,Finance,175.29,175.53,171.58,172.34,4035959
2025-04-04,FINBK,Finance,172.34,175.36,169.77,171.08,2144221
2025-04-07,FINBK,Finance,171.08,173.77,170.22,171.59,2827081
2025-04-08,FINBK,Finance,171.59,173.86,171.25,173.84,3877592
2025-04-09,FINBK,Finance,173.84,175.52,172.5,174.45,3367258
2025-04-10,FINBK,Finance,174.45,175.32,173.93,175.09,3139942
2025-04-11,FINBK,Finance,175.09,176.38,173.5,175.13,1645735
2025-04-14,FINBK,Finance,175.13,175.91,174.8,175.18,3370878
2025-04-15,FINBK,Finance,175.18,176.74,173.17,176.62,2271849
2025-04-16,FINBK,Finance,176.62,181.5,175.37,178.56,3773222
2025-04-17,FINBK,Finance,178.56,181.63,176.35,181.42,3820744
2025-04-18,FINBK,Finance,181.42,185.25,180.69,184.23,3459665
2025-04-21,FINBK,Finance,184.23,185.13,182.04,183.09,2017471
2025-04-22,FINBK,Finance,183.09,184.3,179.54,181.16,3395488
2025-04-23,FINBK,Finance,181.16,183.92,179.52,183.72,4180764
2025-04-24,FINBK,Finance,183.72,188.2,183.19,187.47,4030222
2025-04-25,FINBK,Finance,187.47,191.75,185.97,191.16,4129566
2025-04-28,FINBK,Finance,191.16,193.04,190.52,193.03,4199955
2025-04-29,FINBK,Finance,193.03,195.19,192.97,194.29,1876723
2025-04-30,FINBK,Finance,194.29,196.24,193.78,195.93,3170753
2025-05-01,FINBK,Finance,195.93,197.12,195.23,196.06,2874870
2025-05-02,FINBK,Finance,196.06,198.38,195.56,197.9,3104081
2025-05-05,FINBK,Finance,197.9,198.5,197.15,197.59,2682082
2025-05-06,FINBK,Finance,197.59,203.44,196.69,202.29,4183588
2025-05-07,FINBK,Finance,202.29,203.1,202.13,202.62,4123440
2025-05-08,FINBK,Finance,202.62,203.58,201.36,203.5,3321597
2025-05-09,FINBK,Finance,203.5,204.22,203.39,203.84,3048200
2025-05-12,FINBK,Finance,203.84,204.76,201.23,202.45,1842827
2025-05-13,FINBK,Finance,202.45,202.66,200.23,200.35,2984161
2025-05-14,FINBK,Finance,200.35,202.24,193.46,194.73,4164911
2025-05-15,FINBK,Finance,194.73,200.39,192.52,199.22,2525000
2025-05-16,FINBK,Finance,199.22,201.36,199.2,199.83,3429627
2025-05-19,FINBK,Finance,199.83,200.69,199.38,199.5,2563347
2025-05-20,FINBK,Finance,199.5,200.47,197.41,198.18,4025816
2025-05-21,FINBK,Finance,198.18,203.15,196.84,201.13,5431956
2025-05-22,FINBK,Finance,201.13,202.51,199.88,201.78,2823048
2025-05-23,FINBK,Finance,201.78,203.86,201.61,202.26,3514159
2025-05-26,FINBK,Finance,202.26,204.86,201.32,203.56,2649589
2025-05-27,FINBK,Finance,203.56,208.41,203.31,208.23,3479326
2025-05-28,FINBK,Finance,208.23,210.26,205.56,206.22,2138880
2025-05-29,FINBK,Finance,206.22,208.69,204.34,205.14,2217388
2025-05-30,FINBK,Finance,205.14,207.54,204.05,206.7,4517872
2025-06-02,FINBK,Finance,206.7,208.95,206.53,208.68,1752169
2025-06-03,FINBK,Finance,208.68,209.76,207.52,208.39,5375238
2025-06-04,FINBK,Finance,208.39,212.18,207.94,209.68,3264456
2025-06-05,FINBK,Finance,209.68,210.86,209.37,209.94,1900540
2025-06-06,FINBK,Finance,209.94,210.75,206.34,207.6,3794888
2025-06-09,FINBK,Finance,207.6,209.8,203.28,204.23,3162163
2025-06-10,FINBK,Finance,204.23,205.78,204.06,205.08,3635101
2025-06-11,FINBK,Finance,205.08,208.47,204.87,207.49,3137106
2025-06-12,FINBK,Finance,207.49,214.6,206.34,213.38,3791770
2025-06-13,FINBK,Finance,213.38,213.55,211.0,212.56,2709655
2025-06-16,FINBK,Finance,212.56,217.98,209.39,217.23,4813770
2025-06-17,FINBK,Finance,217.23,220.59,216.29,220.11,2463009
2025-06-18,FINBK,Finance,220.11,222.09,218.56,218.91,1374600
2025-06-19,FINBK,Finance,218.91,219.02,217.22,218.79,3026391
2025-06-20,FINBK,Finance,218.79,220.16,217.57,217.73,2415355
2025-06-23,FINBK,Finance,217.73,221.04,217.72,220.79,3515566
2025-06-24,FINBK,Finance,220.79,221.49,217.99,218.0,3110627
2025-06-25,FINBK,Finance,218.0,221.66,216.88,221.37,3380761
2025-06-26,FINBK,Finance,221.37,224.75,221.35,224.22,3295824
2025-06-27,FINBK,Finance,224.22,224.9,221.64,221.69,2777612
2025-06-30,FINBK,Finance,221.69,226.37,221.13,224.68,4348135
2025-07-01,FINBK,Finance,224.68,225.64,224.34,225.58,3262292
2025-07-02,FINBK,Finance,225.58,226.05,219.37,221.52,2753158
2025-07-03,FINBK,Finance,221.52,222.24,220.6,220.72,2546863
2025-07-04,FINBK,Finance,220.72,222.31,219.69,222.05,2153424
2025-07-07,FINBK,Finance,222.05,222.35,220.58,221.19,2357136
2025-07-08,FINBK,Finance,221.19,225.25,219.87,223.66,2787181
2025-07-09,FINBK,Finance,223.66,227.19,221.71,222.28,4732945
2025-07-10,FINBK,Finance,222.28,223.6,218.04,218.94,2507537
2025-07-11,FINBK,Finance,218.94,219.88,217.21,218.28,4140125
2025-07-14,FINBK,Finance,218.28,222.8,217.6,221.53,3450661
2025-07-15,FINBK,Finance,221.53,222.8,219.78,220.26,2033367
2025-07-16,FINBK,Finance,220.26,221.78,215.19,217.67,3668622
2025-07-17,FINBK,Finance,217.67,220.93,215.93,220.61,3933817
2025-07-18,FINBK,Finance,220.61,222.25,220.29,222.16,4083458
2025-07-21,FINBK,Finance,222.16,223.19,218.25,219.58,3362681
2025-07-22,FINBK,Finance,219.58,220.48,215.83,216.75,3049845
2025-07-23,FINBK,Finance,216.75,216.87,211.33,212.93,3562722
2025-07-24,FINBK,Finance,212.93,218.64,211.93,216.91,3525971
2025-07-25,FINBK,Finance,216.91,218.0,216.4,217.01,1310640
2025-07-28,FINBK,Finance,217.01,219.82,215.76,218.33,3146708
2025-07-29,FINBK,Finance,218.33,220.18,217.91,218.13,3898670
2025-07-30,FINBK,Finance,218.13,219.79,213.2,215.22,5429120
2025-07-31,FINBK,Finance,215.22,215.41,211.77,214.2,3055602
2025-08-01,FINBK,Finance,214.2,214.94,213.48,214.83,2198645
2025-08-04,FINBK,Finance,214.83,217.83,212.84,217.79,2804373
2025-08-05,FINBK,Finance,217.79,218.85,214.59,216.7,1984465
2025-08-06,FINBK,Finance,216.7,221.14,214.33,219.59,5182419
2025-08-07,FINBK,Finance,219.59,219.83,215.87,215.96,532629
2025-08-08,FINBK,Finance,215.96,216.54,214.86,215.31,3904922
2025-08-11,FINBK,Finance,215.31,216.23,213.47,214.36,1792186
2025-08-12,FINBK,Finance,214.36,216.24,209.78,211.06,1838190
2025-08-13,FINBK,Finance,211.06,212.13,210.93,211.8,4345219
2025-08-14,FINBK,Finance,211.8,212.57,210.68,210.72,2979110
2025-08-15,FINBK,Finance,210.72,218.46,209.09,216.58,4389341
2025-08-18,FINBK,Finance,216.58,218.7,212.99,215.38,2642847
2025-08-19,FINBK,Finance,215.38,215.91,210.88,212.3,3777594
2025-08-20,FINBK,Finance,212.3,212.91,211.37,211.87,2803194
2025-08-21,FINBK,Finance,211.87,215.43,208.53,209.14,1107488
2025-08-22,FINBK,Finance,209.14,210.73,206.04,207.07,3550151
2025-08-25,FINBK,Finance,207.07,208.56,206.72,208.1,2772479
2025-08-26,FINBK,Finance,208.1,209.15,207.52,207.94,3471473
2025-08-27,FINBK,Finance,207.94,210.34,207.58,209.23,3487641
2025-08-28,FINBK,Finance,209.23,213.1,208.16,212.26,2156329
2025-08-29,FINBK,Finance,212.26,215.13,211.67,212.76,2957322
2025-09-01,FINBK,Finance,212.76,216.57,212.5,215.7,4453188
2025-09-02,FINBK,Finance,215.7,220.22,215.47,219.33,3703728
2025-09-03,FINBK,Finance,219.33,220.7,217.64,220.35,1347951
2025-09-04,FINBK,Finance,220.35,220.95,218.68,219.28,4381241
2025-09-05,FINBK,Finance,219.28,222.86,217.57,222.48,2632300
2025-09-08,FINBK,Finance,222.48,227.46,220.86,225.01,3376748
2025-09-09,FINBK,Finance,225.01,227.08,223.74,224.16,2056694
2025-09-10,FINBK,Finance,224.16,225.76,221.46,222.07,3196573
2025-09-11,FINBK,Finance,222.07,223.65,220.65,222.85,2890994
2025-09-12,FINBK,Finance,222.85,223.15,218.18,220.78,3546036
2025-09-15,FINBK,Finance,220.78,222.81,219.58,219.87,3318164
2025-09-16,FINBK,Finance,219.87,222.06,217.77,218.89,4462521
2025-09-17,FINBK,Finance,218.89,223.88,218.0,222.7,2209357
2025-09-18,FINBK,Finance,222.7,226.83,221.43,226.5,1655092
2025-09-19,FINBK,Finance,226.5,228.39,225.34,228.38,4078221
2025-09-22,FINBK,Finance,228.38,229.43,227.31,228.61,2969178
2025-09-23,FINBK,Finance,228.61,229.87,224.25,226.26,2749554
2025-09-24,FINBK,Finance,226.26,229.54,225.54,229.3,4124585
2025-09-25,FINBK,Finance,229.3,229.43,226.81,227.05,3991088
2025-09-26,FINBK,Finance,227.05,228.21,220.61,222.8,3180802
2025-09-29,FINBK,Finance,222.8,226.77,222.12,226.09,4230739
2025-09-30,FINBK,Finance,226.09,229.15,225.16,229.03,2242305
2025-10-01,FINBK,Finance,229.03,235.87,228.31,232.86,1274602
2025-10-02,FINBK,Finance,232.86,233.72,230.76,231.35,4360476
2025-10-03,FINBK,Finance,231.35,234.02,231.31,233.03,2323030
2025-10-06,FINBK,Finance,233.03,233.8,230.93,232.57,4982529
2025-10-07,FINBK,Finance,232.57,235.25,228.28,228.62,1855235
2025-10-08,FINBK,Finance,228.62,229.82,226.57,228.79,3200458
2025-10-09,FINBK,Finance,228.79,231.51,228.27,228.31,3116074
2025-10-10,FINBK,Finance,228.31,231.08,227.71,230.1,1774894
2025-10-13,FINBK,Finance,230.1,231.63,221.71,223.82,4024306
2025-10-14,FINBK,Finance,223.82,224.54,221.16,222.47,95057
2025-10-15,FINBK,Finance,222.47,227.9,221.92,226.55,1938096
2025-10-16,FINBK,Finance,226.55,229.43,225.42,229.23,2898207
2025-10-17,FINBK,Finance,229.23,234.0,228.98,233.89,2503021
2025-10-20,FINBK,Finance,233.89,234.12,228.18,228.62,4708874
2025-10-21,FINBK,Finance,228.62,230.17,221.73,222.5,3638963
2025-10-22,FINBK,Finance,222.5,222.66,221.61,222.16,2213987
2025-10-23,FINBK,Finance,222.16,225.28,221.73,224.69,4846164
2025-10-24,FINBK,Finance,224.69,230.22,220.62,228.93,5088699
2025-10-27,FINBK,Finance,228.93,233.95,227.23,231.16,4764851
2025-10-28,FINBK,Finance,231.16,235.54,228.4,233.65,3469503
2025-10-29,FINBK,Finance,233.65,234.08,228.75,229.29,3525466
2025-10-30,FINBK,Finance,229.29,231.53,224.9,225.9,4167008
2025-10-31,FINBK,Finance,225.9,231.5,224.47,230.23,3376052
2025-11-03,FINBK,Finance,230.23,230.86,225.11,225.46,2975473
2025-11-04,FINBK,Finance,225.46,226.25,224.31,225.66,2768529
2025-11-05,FINBK,Finance,225.66,226.31,220.49,220.55,4843382
2025-11-06,FINBK,Finance,220.55,221.23,218.71,219.09,3200329
2025-11-07,FINBK,Finance,219.09,222.46,218.33,221.58,3261108
2025-11-10,FINBK,Finance,221.58,222.25,218.98,219.92,3395426
2025-11-11,FINBK,Finance,219.92,220.2,219.09,219.7,2716423
2025-11-12,FINBK,Finance,219.7,220.26,219.7,220.0,4583878
2025-11-13,FINBK,Finance,220.0,220.08,215.37,217.43,3646719
2025-11-14,FINBK,Finance,217.43,217.79,214.08,214.56,3595854
2025-11-17,FINBK,Finance,214.56,215.33,211.34,213.18,3423695
2025-11-18,FINBK,Finance,213.18,213.5,209.7,211.79,2934073
2025-11-19,FINBK,Finance,211.79,212.66,209.39,210.08,2624115
2025-11-20,FINBK,Finance,210.08,211.49,205.86,206.89,3960705
2025-11-21,FINBK,Finance,206.89,207.15,204.42,205.99,4311294
2025-11-24,FINBK,Finance,205.99,206.77,204.27,205.33,3715839
2025-11-25,FINBK,Finance,205.33,205.81,203.87,204.87,2348951
2025-11-26,FINBK,Finance,204.87,207.32,203.65,205.7,2600985
2025-11-27,FINBK,Finance,205.7,207.35,205.35,205.37,2739034
2025-11-28,FINBK,Finance,205.37,207.18,205.07,205.29,2292135
2025-12-01,FINBK,Finance,205.29,206.02,201.99,203.58,3470706
2025-12-02,FINBK,Finance,203.58,206.05,201.84,205.3,1329700
2025-12-03,FINBK,Finance,205.3,208.2,203.65,206.98,2347525
2025-12-04,FINBK,Finance,206.98,207.89,204.32,204.91,3476051
2025-12-05,FINBK,Finance,204.91,208.42,203.88,207.08,2429486
2025-12-08,FINBK,Finance,207.08,211.21,206.98,210.39,3864253
2025-12-09,FINBK,Finance,210.39,211.05,209.93,210.36,3246013
2025-12-10,FINBK,Finance,210.36,211.23,205.75,206.59,3044963
2025-12-11,FINBK,Finance,206.59,207.25,202.48,204.33,3798999
2025-12-12,FINBK,Finance,204.33,206.42,203.15,204.17,3323820
2025-12-15,FINBK,Finance,204.17,205.02,202.79,202.88,3476453
2025-12-16,FINBK,Finance,202.88,203.55,198.47,199.42,3390535
2025-12-17,FINBK,Finance,199.42,200.06,198.16,199.38,2747820
2025-12-18,FINBK,Finance,199.38,204.97,197.36,203.31,3202299
2025-12-19,FINBK,Finance,203.31,204.76,202.37,203.44,2560107
2025-12-22,FINBK,Finance,203.44,203.69,200.43,200.92,5126612
2025-12-23,FINBK,Finance,200.92,201.05,197.86,198.15,2261429
2025-12-24,FINBK,Finance,198.15,200.3,195.19,199.83,3836577
2025-12-25,FINBK,Finance,199.83,201.08,196.37,197.19,2971431
2025-12-26,FINBK,Finance,197.19,200.85,196.42,199.4,4047099
2025-12-29,FINBK,Finance,199.4,202.07,196.81,197.63,4201748
2025-12-30,FINBK,Finance,197.63,200.05,196.84,199.67,3100298
2025-12-31,FINBK,Finance,199.67,199.94,194.14,194.55,3760230
2026-01-01,FINBK,Finance,194.55,196.03,186.81,187.65,4188510
2026-01-02,FINBK,Finance,187.65,188.53,186.93,188.34,2137378
2026-01-05,FINBK,Finance,188.34,190.29,187.91,189.75,3006851
2026-01-06,FINBK,Finance,189.75,194.53,188.65,193.96,3795162
2026-01-07,FINBK,Finance,193.96,196.44,192.69,195.75,3590733
2026-01-08,FINBK,Finance,195.75,196.1,189.82,190.29,4261241
2026-01-09,FINBK,Finance,190.29,192.71,188.39,192.48,3101061
2026-01-12,FINBK,Finance,192.48,194.9,192.37,193.96,3928807
2026-01-13,FINBK,Finance,193.96,194.46,191.1,192.62,3395789
2026-01-14,FINBK,Finance,192.62,194.78,191.7,193.41,2833743
2026-01-15,FINBK,Finance,193.41,193.91,189.44,190.71,4089968
2026-01-16,FINBK,Finance,190.71,193.48,190.18,193.23,2583810
2026-01-19,FINBK,Finance,193.23,193.32,192.9,193.14,2894492
2026-01-20,FINBK,Finance,193.14,194.04,191.78,192.87,3103324
2026-01-21,FINBK,Finance,192.87,193.74,190.97,192.51,4240437
2026-01-22,FINBK,Finance,192.51,195.71,191.62,193.83,4040303
2026-01-23,FINBK,Finance,193.83,196.01,193.57,194.15,1748213
2026-01-26,FINBK,Finance,194.15,195.33,193.45,195.04,3645093
2026-01-27,FINBK,Finance,195.04,196.2,190.17,191.18,2448537
2026-01-28,FINBK,Finance,191.18,191.68,190.77,190.96,2353354
2026-01-29,FINBK,Finance,190.96,192.25,189.58,189.83,4153931
2026-01-30,FINBK,Finance,189.83,190.84,188.18,189.86,2473725
2026-02-02,FINBK,Finance,189.86,192.34,187.83,189.48,1519218
2026-02-03,FINBK,Finance,189.48,190.39,188.54,190.39,2419825
2026-02-04,FINBK,Finance,190.39,191.17,187.87,188.51,4028770
2026-02-05,FINBK,Finance,188.51,189.22,183.88,185.88,4343123
2026-02-06,FINBK,Finance,185.88,189.12,185.55,188.75,3829180
2026-02-09,FINBK,Finance,188.75,192.6,187.96,192.13,1763949
2026-02-10,FINBK,Finance,192.13,192.21,188.85,189.6,3510331
2026-02-11,FINBK,Finance,189.6,190.8,187.05,188.38,4632949
2026-02-12,FINBK,Finance,188.38,192.4,187.77,190.42,2840190
2026-02-13,FINBK,Finance,190.42,193.52,190.17,193.49,3342422
2026-02-16,FINBK,Finance,193.49,195.35,186.13,186.68,4224251
2026-02-17,FINBK,Finance,186.68,186.86,185.91,186.58,3570316
2026-02-18,FINBK,Finance,186.58,186.79,183.07,183.69,3170691
2026-02-19,FINBK,Finance,183.69,185.64,182.63,184.55,3332581
2026-02-20,FINBK,Finance,184.55,188.18,183.97,186.09,2678712
2026-02-23,FINBK,Finance,186.09,187.58,184.74,185.69,3934943
2026-02-24,FINBK,Finance,185.69,186.23,185.56,185.8,3456648
2026-02-25,FINBK,Finance,185.8,186.91,184.58,186.82,4043410
2026-02-26,FINBK,Finance,186.82,187.85,186.08,187.79,3418368
2026-02-27,FINBK,Finance,187.79,191.24,186.64,190.21,2231847
2026-03-02,FINBK,Finance,190.21,191.33,186.87,188.65,3575790
2026-03-03,FINBK,Finance,188.65,190.83,188.45,189.51,1856315
2026-03-04,FINBK,Finance,189.51,190.85,186.76,187.37,3091985
2026-03-05,FINBK,Finance,187.37,189.02,183.31,184.78,4675946
2026-03-06,FINBK,Finance,184.78,188.46,184.01,187.45,3689892
2026-03-09,FINBK,Finance,187.45,188.47,184.53,184.61,2950109
2026-03-10,FINBK,Finance,184.61,187.36,180.8,181.94,4465212
2026-03-11,FINBK,Finance,181.94,182.12,180.38,181.09,4796563
2026-03-12,FINBK,Finance,181.09,185.08,178.98,184.01,5783581
2026-03-13,FINBK,Finance,184.01,189.27,182.61,189.06,4715392
2026-03-16,FINBK,Finance,189.06,189.19,187.84,188.85,3329874
2026-03-17,FINBK,Finance,188.85,189.22,185.46,186.2,3847484
2026-03-18,FINBK,Finance,186.2,187.87,185.8,186.82,3245365
2026-03-19,FINBK,Finance,186.82,187.33,178.47,179.29,3502715
2026-03-20,FINBK,Finance,179.29,180.41,177.25,178.33,3644393
2026-03-23,FINBK,Finance,178.33,181.99,178.15,180.13,2970039
2026-03-24,FINBK,Finance,180.13,180.79,179.18,179.56,3860058
2026-03-25,FINBK,Finance,179.56,181.47,174.96,175.47,3501067
2026-03-26,FINBK,Finance,175.47,178.96,174.77,177.42,3147339
2026-03-27,FINBK,Finance,177.42,180.41,176.94,180.36,2797050
2026-03-30,FINBK,Finance,180.36,183.27,179.28,181.45,3068156
2026-03-31,FINBK,Finance,181.45,183.59,180.9,182.96,4266596
2026-04-01,FINBK,Finance,182.96,185.56,182.25,185.42,2940994
2026-04-02,FINBK,Finance,185.42,185.72,183.32,183.4,1635497
2026-04-03,FINBK,Finance,183.4,188.41,180.41,185.33,4718068
2026-04-06,FINBK,Finance,185.33,185.34,184.45,184.79,2527688
2026-04-07,FINBK,Finance,184.79,185.41,184.68,185.25,3226870
2026-04-08,FINBK,Finance,185.25,185.3,182.19,182.37,3503898
2026-04-09,FINBK,Finance,182.37,183.61,181.55,181.93,3265864
2026-04-10,FINBK,Finance,181.93,184.89,181.7,184.8,3280733
2026-04-13,FINBK,Finance,184.8,187.87,183.38,187.58,3256709
2026-04-14,FINBK,Finance,187.58,188.35,185.35,185.69,3846358
2026-04-15,FINBK,Finance,185.69,185.69,179.15,179.64,2575128
2026-04-16,FINBK,Finance,179.64,180.26,178.43,178.48,1860550
2026-04-17,FINBK,Finance,178.48,180.67,178.18,179.2,3847248
2026-04-20,FINBK,Finance,179.2,182.93,177.19,181.59,2822823
2026-04-21,FINBK,Finance,181.59,182.44,179.29,180.06,3947265
2026-04-22,FINBK,Finance,180.06,184.19,179.6,184.18,2505119
2026-04-23,FINBK,Finance,184.18,189.31,183.83,188.93,3243225
2026-04-24,FINBK,Finance,188.93,189.76,186.92,187.51,1877579
2026-04-27,FINBK,Finance,187.51,189.7,184.96,185.78,4116175
2026-04-28,FINBK,Finance,185.78,190.51,183.8,188.44,2110077
2026-04-29,FINBK,Finance,188.44,188.97,186.32,186.66,2793997
2026-04-30,FINBK,Finance,186.66,187.23,185.85,187.19,1065611
2026-05-01,FINBK,Finance,187.19,187.8,184.72,185.0,2169164
2026-05-04,FINBK,Finance,185.0,186.25,183.8,183.94,2126810
2026-05-05,FINBK,Finance,183.94,185.39,181.94,182.11,2397579
2026-05-06,FINBK,Finance,182.11,184.57,182.03,184.12,2484588
2026-05-07,FINBK,Finance,184.12,185.77,183.97,185.0,4612755
2026-05-08,FINBK,Finance,185.0,187.08,184.85,186.06,3773078
2026-05-11,FINBK,Finance,186.06,186.57,183.93,184.32,3555620
2026-05-12,FINBK,Finance,184.32,186.7,182.74,185.48,2229844
2026-05-13,FINBK,Finance,185.48,186.83,181.72,186.02,3546036
2026-05-14,FINBK,Finance,186.02,186.6,185.35,185.89,3045046
2026-05-15,FINBK,Finance,185.89,186.68,185.58,186.17,4261848
2026-05-18,FINBK,Finance,186.17,189.59,184.68,189.3,3953382
2026-05-19,FINBK,Finance,189.3,194.46,188.47,192.87,4925679
2026-05-20,FINBK,Finance,192.87,193.76,192.09,193.03,3284982
2026-05-21,FINBK,Finance,193.03,196.85,192.04,196.15,3486785
2026-05-22,FINBK,Finance,196.15,196.92,195.13,195.66,4638253
2026-05-25,FINBK,Finance,195.66,197.13,191.79,192.67,1552705
2026-05-26,FINBK,Finance,192.67,193.55,191.39,193.26,1523091
2026-05-27,FINBK,Finance,193.26,194.41,192.58,193.28,3053468
2026-05-28,FINBK,Finance,193.28,194.46,191.62,194.43,1803071
2026-05-29,FINBK,Finance,194.43,194.61,193.0,193.99,3747489
2026-06-01,FINBK,Finance,193.99,195.77,192.39,195.44,3572080
2026-06-02,FINBK,Finance,195.44,199.53,194.46,196.71,2501748
2026-06-03,FINBK,Finance,196.71,197.98,196.67,197.03,2846947
2026-06-04,FINBK,Finance,197.03,197.88,195.94,196.69,2055496
2026-06-05,FINBK,Finance,196.69,198.31,195.78,197.63,4534959
2026-06-08,FINBK,Finance,197.63,199.44,196.16,196.92,1209717
2026-06-09,FINBK,Finance,196.92,198.21,196.88,197.91,2519381
2026-06-10,FINBK,Finance,197.91,198.52,197.51,197.87,3763927
2026-06-11,FINBK,Finance,197.87,199.07,197.59,198.35,2744102
2026-06-12,FINBK,Finance,198.35,198.79,191.74,195.64,2738231
2026-06-15,FINBK,Finance,195.64,196.3,195.17,195.49,3333644
2026-06-16,FINBK,Finance,195.49,195.55,188.49,190.41,2309681
2026-06-17,FINBK,Finance,190.41,191.87,189.6,190.02,3065780
2026-06-18,FINBK,Finance,190.02,190.84,189.4,190.02,3385568
2026-06-19,FINBK,Finance,190.02,190.69,186.46,186.9,4234811
2026-06-22,FINBK,Finance,186.9,190.99,186.24,189.09,2439346
2026-06-23,FINBK,Finance,189.09,190.26,182.3,185.01,4160408
2026-06-24,FINBK,Finance,185.01,190.25,184.19,189.31,3149593
2026-06-25,FINBK,Finance,189.31,191.18,188.65,190.68,1736331
2026-06-26,FINBK,Finance,190.68,198.41,190.31,198.24,4086033
2026-06-29,FINBK,Finance,198.24,198.39,196.18,197.71,2950579
2026-06-30,FINBK,Finance,197.71,197.9,194.44,194.99,4752561
2026-07-01,FINBK,Finance,194.99,197.89,193.49,197.77,2112972
2026-07-02,FINBK,Finance,197.77,198.24,197.32,197.84,2575684
2026-07-03,FINBK,Finance,197.84,197.87,193.66,196.47,2119910
2026-07-06,FINBK,Finance,196.47,197.9,194.08,195.03,3347729
2026-07-07,FINBK,Finance,195.03,197.13,193.56,195.6,3017083
2026-07-08,FINBK,Finance,195.6,196.38,194.24,194.53,2724303
2026-07-09,FINBK,Finance,194.53,196.35,193.84,195.86,4359649
2026-07-10,FINBK,Finance,195.86,200.42,194.57,200.27,3167705
2026-07-13,FINBK,Finance,200.27,204.46,199.06,203.16,3440511
2026-07-14,FINBK,Finance,203.16,204.86,201.53,201.57,4653716
2026-07-15,FINBK,Finance,201.57,202.52,199.85,200.86,2821931
2026-07-16,FINBK,Finance,200.86,207.64,199.39,204.08,2454382
2026-07-17,FINBK,Finance,204.08,204.49,201.76,202.11,3613205
2026-07-20,FINBK,Finance,202.11,204.76,200.63,203.6,3554140
2026-07-21,FINBK,Finance,203.6,205.52,200.92,202.1,4506255
2026-07-22,FINBK,Finance,202.1,206.15,201.34,205.92,4872416
2026-07-23,FINBK,Finance,205.92,207.29,204.03,204.37,4051588
2026-07-24,FINBK,Finance,204.37,206.46,204.1,204.87,1696816
2026-07-27,FINBK,Finance,204.87,209.66,203.33,208.48,3330285
2026-07-28,FINBK,Finance,208.48,212.9,207.94,211.46,3853576
2026-07-29,FINBK,Finance,211.46,215.15,211.31,212.58,2079698
2026-07-30,FINBK,Finance,212.58,214.52,211.07,213.06,4524591
2026-07-31,FINBK,Finance,213.06,215.84,212.82,215.83,3066411
2026-08-03,FINBK,Finance,215.83,218.23,214.55,217.35,2928320
2026-08-04,FINBK,Finance,217.35,217.38,215.53,216.3,3423379
2026-08-05,FINBK,Finance,216.3,216.91,213.38,214.95,2470209
2026-08-06,FINBK,Finance,214.95,215.54,214.09,214.66,3455263
2026-08-07,FINBK,Finance,214.66,217.53,213.88,216.13,2269659
2026-08-10,FINBK,Finance,216.13,217.38,214.65,215.38,2009005
2026-08-11,FINBK,Finance,215.38,223.17,215.36,221.45,4633455
2026-08-12,FINBK,Finance,221.45,224.8,216.37,217.14,3341284
2026-08-13,FINBK,Finance,217.14,217.78,210.94,212.35,3637353
2026-08-14,FINBK,Finance,212.35,213.72,209.99,211.01,3365452
2026-08-17,FINBK,Finance,211.01,211.95,206.98,207.8,5990902
2026-08-18,FINBK,Finance,207.8,210.19,207.35,209.04,3172124
2026-08-19,FINBK,Finance,209.04,210.17,207.93,208.2,3939002
2026-08-20,FINBK,Finance,208.2,209.86,207.25,207.46,2186702
2026-08-21,FINBK,Finance,207.46,215.25,206.54,212.92,2948683
2026-08-24,FINBK,Finance,212.92,221.75,211.01,219.37,3357463
2026-08-25,FINBK,Finance,219.37,226.3,218.08,225.8,3903191
2026-08-26,FINBK,Finance,225.8,226.14,225.43,225.71,3558813
2026-08-27,FINBK,Finance,225.71,226.79,223.67,226.75,342080
2026-08-28,FINBK,Finance,226.75,229.17,225.19,228.18,3090311
2026-08-31,FINBK,Finance,228.18,230.15,226.14,228.8,2788366
2026-09-01,FINBK,Finance,228.8,231.89,225.88,229.58,2443767
2026-09-02,FINBK,Finance,229.58,235.19,228.86,233.66,2965763
2026-09-03,FINBK,Finance,233.66,234.49,229.09,231.24,2636589
2026-09-04,FINBK,Finance,231.24,232.61,230.07,231.56,2543659
2026-09-07,FINBK,Finance,231.56,233.9,229.1,231.34,3030266
2026-09-08,FINBK,Finance,231.34,234.26,224.89,227.71,2566224
2026-09-09,FINBK,Finance,227.71,228.3,226.2,227.8,2144713
2023-11-23,RETAL,Retail,34.0,34.12,32.37,33.17,3666153
2023-11-24,RETAL,Retail,33.17,34.39,32.71,34.17,595518
2023-11-27,RETAL,Retail,34.17,34.73,33.69,33.93,4847143
2023-11-28,RETAL,Retail,33.93,35.41,33.72,35.21,2715705
2023-11-29,RETAL,Retail,35.21,35.75,34.48,34.67,1895547
2023-11-30,RETAL,Retail,34.67,35.49,33.95,35.21,4943077
2023-12-01,RETAL,Retail,35.21,36.01,34.88,35.68,3940086
2023-12-04,RETAL,Retail,35.68,36.75,34.79,36.7,3736587
2023-12-05,RETAL,Retail,36.7,37.9,36.43,37.77,1843061
2023-12-06,RETAL,Retail,37.77,38.49,37.37,38.14,4927091
2023-12-07,RETAL,Retail,38.14,38.61,37.78,37.95,1900499
2023-12-08,RETAL,Retail,37.95,39.67,37.7,39.33,5447718
2023-12-11,RETAL,Retail,39.33,39.59,38.36,38.86,5700665
2023-12-12,RETAL,Retail,38.86,39.88,38.48,39.79,3451606
2023-12-13,RETAL,Retail,39.79,40.76,38.86,39.47,3321075
2023-12-14,RETAL,Retail,39.47,39.53,39.42,39.47,2896498
2023-12-15,RETAL,Retail,39.47,40.66,39.26,40.35,317529
2023-12-18,RETAL,Retail,40.35,41.52,40.03,40.67,4603801
2023-12-19,RETAL,Retail,40.67,40.81,39.46,39.75,4857159
2023-12-20,RETAL,Retail,39.75,40.73,39.55,39.87,3292241
2023-12-21,RETAL,Retail,39.87,40.36,39.0,39.96,3131088
2023-12-22,RETAL,Retail,39.96,40.32,39.81,39.91,2085809
2023-12-25,RETAL,Retail,39.91,40.47,38.95,39.93,3674400
2023-12-26,RETAL,Retail,39.93,40.77,39.28,40.53,2689197
2023-12-27,RETAL,Retail,40.53,40.57,38.93,39.1,2874658
2023-12-28,RETAL,Retail,39.1,39.4,38.15,39.04,2634097
2023-12-29,RETAL,Retail,39.04,39.16,37.64,37.95,4893673
2024-01-01,RETAL,Retail,37.95,39.83,37.22,39.49,5768958
2024-01-02,RETAL,Retail,39.49,41.08,38.84,41.07,3302467
2024-01-03,RETAL,Retail,41.07,41.46,38.33,39.17,2270253
2024-01-04,RETAL,Retail,39.17,39.21,38.92,39.19,2610984
2024-01-05,RETAL,Retail,39.19,39.56,38.5,39.28,3252448
2024-01-08,RETAL,Retail,39.28,40.8,38.89,40.36,2283665
2024-01-09,RETAL,Retail,40.36,41.15,39.77,40.09,3825557
2024-01-10,RETAL,Retail,40.09,41.22,40.03,41.0,4250459
2024-01-11,RETAL,Retail,41.0,41.73,40.1,40.46,4546890
2024-01-12,RETAL,Retail,40.46,40.88,38.53,39.35,3656473
2024-01-15,RETAL,Retail,39.35,39.41,38.3,38.57,2835156
2024-01-16,RETAL,Retail,38.57,39.79,37.87,39.0,3290845
2024-01-17,RETAL,Retail,39.0,39.17,38.09,39.0,3095491
2024-01-18,RETAL,Retail,39.0,40.09,38.63,39.6,2838579
2024-01-19,RETAL,Retail,39.6,39.75,39.09,39.69,1854316
2024-01-22,RETAL,Retail,39.69,39.8,37.23,37.45,4557017
2024-01-23,RETAL,Retail,37.45,38.83,37.18,38.62,1134302
2024-01-24,RETAL,Retail,38.62,39.12,38.22,38.41,3156983
2024-01-25,RETAL,Retail,38.41,39.33,38.11,38.84,4868286
2024-01-26,RETAL,Retail,38.84,39.38,38.65,38.69,1028557
2024-01-29,RETAL,Retail,38.69,39.25,37.88,39.03,3027083
2024-01-30,RETAL,Retail,39.03,39.87,38.86,39.45,1766790
2024-01-31,RETAL,Retail,39.45,39.6,39.13,39.28,2524016
2024-02-01,RETAL,Retail,39.28,39.54,39.11,39.38,3135828
2024-02-02,RETAL,Retail,39.38,39.81,39.32,39.44,2717605
2024-02-05,RETAL,Retail,39.44,39.79,39.1,39.28,4983319
2024-02-06,RETAL,Retail,39.28,39.42,38.22,38.4,3273436
2024-02-07,RETAL,Retail,38.4,38.54,37.29,38.1,4178303
2024-02-08,RETAL,Retail,38.1,39.33,37.02,38.73,2397413
2024-02-09,RETAL,Retail,38.73,39.98,38.25,38.51,1434321
2024-02-12,RETAL,Retail,38.51,38.54,37.75,37.87,2060042
2024-02-13,RETAL,Retail,37.87,38.21,37.24,37.76,3308003
2024-02-14,RETAL,Retail,37.76,38.91,37.49,38.51,2957620
2024-02-15,RETAL,Retail,38.51,39.37,38.44,39.21,2809328
2024-02-16,RETAL,Retail,39.21,39.25,37.56,38.75,3583101
2024-02-19,RETAL,Retail,38.75,39.15,37.94,38.17,5545971
2024-02-20,RETAL,Retail,38.17,38.61,37.63,37.81,3480450
2024-02-21,RETAL,Retail,37.81,38.85,37.51,38.58,5222414
2024-02-22,RETAL,Retail,38.58,39.94,38.2,39.55,4099477
2024-02-23,RETAL,Retail,39.55,41.59,39.26,41.56,2384649
2024-02-26,RETAL,Retail,41.56,42.19,40.08,40.73,815845
2024-02-27,RETAL,Retail,40.73,42.25,39.92,40.34,2753746
2024-02-28,RETAL,Retail,40.34,41.96,39.92,41.75,5071847
2024-02-29,RETAL,Retail,41.75,41.81,41.13,41.79,2124945
2024-03-01,RETAL,Retail,41.79,41.82,40.91,40.95,5096507
2024-03-04,RETAL,Retail,40.95,42.77,40.82,41.37,1832297
2024-03-05,RETAL,Retail,41.37,41.79,40.05,40.39,2095794
2024-03-06,RETAL,Retail,40.39,41.33,40.21,40.61,5237349
2024-03-07,RETAL,Retail,40.61,40.76,38.05,39.28,3443847
2024-03-08,RETAL,Retail,39.28,40.3,39.25,39.94,4304046
2024-03-11,RETAL,Retail,39.94,43.41,39.67,42.5,2563388
2024-03-12,RETAL,Retail,42.5,43.0,41.85,42.09,2086515
2024-03-13,RETAL,Retail,42.09,42.53,41.98,42.03,2171013
2024-03-14,RETAL,Retail,42.03,44.3,41.86,43.29,3670434
2024-03-15,RETAL,Retail,43.29,43.42,42.96,43.33,2989449
2024-03-18,RETAL,Retail,43.33,43.55,42.62,42.95,3966963
2024-03-19,RETAL,Retail,42.95,43.4,42.27,42.28,2848003
2024-03-20,RETAL,Retail,42.28,43.34,41.94,42.95,3598942
2024-03-21,RETAL,Retail,42.95,43.23,42.04,42.33,4507641
2024-03-22,RETAL,Retail,42.33,43.64,41.74,43.38,6230056
2024-03-25,RETAL,Retail,43.38,43.89,41.65,41.88,2481020
2024-03-26,RETAL,Retail,41.88,41.92,41.08,41.77,2407208
2024-03-27,RETAL,Retail,41.77,42.99,40.61,41.51,2135126
2024-03-28,RETAL,Retail,41.51,41.93,41.46,41.87,3987593
2024-03-29,RETAL,Retail,41.87,43.78,41.53,43.64,4410883
2024-04-01,RETAL,Retail,43.64,45.04,43.06,44.78,4829360
2024-04-02,RETAL,Retail,44.78,46.39,44.68,46.01,3924566
2024-04-03,RETAL,Retail,46.01,46.93,44.45,44.46,4135077
2024-04-04,RETAL,Retail,44.46,45.19,43.51,43.84,3553464
2024-04-05,RETAL,Retail,43.84,44.69,43.65,44.6,3070666
2024-04-08,RETAL,Retail,44.6,46.01,44.2,45.17,4113563
2024-04-09,RETAL,Retail,45.17,46.38,44.58,45.53,3623508
2024-04-10,RETAL,Retail,45.53,45.79,44.57,45.54,3660053
2024-04-11,RETAL,Retail,45.54,47.05,45.08,46.99,3701931
2024-04-12,RETAL,Retail,46.99,47.91,45.62,46.07,4012837
2024-04-15,RETAL,Retail,46.07,48.72,45.73,47.52,2277687
2024-04-16,RETAL,Retail,47.52,47.72,47.13,47.53,3213538
2024-04-17,RETAL,Retail,47.53,49.53,47.11,49.16,4004932
2024-04-18,RETAL,Retail,49.16,49.72,47.08,47.17,5293638
2024-04-19,RETAL,Retail,47.17,48.44,47.09,47.74,5281950
2024-04-22,RETAL,Retail,47.74,48.09,47.45,47.9,3783819
2024-04-23,RETAL,Retail,47.9,48.2,47.18,47.38,3965570
2024-04-24,RETAL,Retail,47.38,47.89,46.93,47.6,2346615
2024-04-25,RETAL,Retail,47.6,48.8,47.43,48.75,3250294
2024-04-26,RETAL,Retail,48.75,50.25,48.67,49.87,4388609
2024-04-29,RETAL,Retail,49.87,51.69,48.65,51.36,4064961
2024-04-30,RETAL,Retail,51.36,51.59,49.8,50.04,4084342
2024-05-01,RETAL,Retail,50.04,50.09,49.44,50.01,3908842
2024-05-02,RETAL,Retail,50.01,50.71,48.37,48.59,5452022
2024-05-03,RETAL,Retail,48.59,49.02,47.54,48.19,3981544
2024-05-06,RETAL,Retail,48.19,48.85,46.52,47.84,2924391
2024-05-07,RETAL,Retail,47.84,49.96,47.42,49.27,2658809
2024-05-08,RETAL,Retail,49.27,49.86,48.87,49.43,3232948
2024-05-09,RETAL,Retail,49.43,49.86,48.79,48.94,3291930
2024-05-10,RETAL,Retail,48.94,51.29,48.52,50.87,3845338
2024-05-13,RETAL,Retail,50.87,50.92,49.2,50.8,3371037
2024-05-14,RETAL,Retail,50.8,51.14,47.07,48.24,3793051
2024-05-15,RETAL,Retail,48.24,48.76,44.99,45.87,4662167
2024-05-16,RETAL,Retail,45.87,46.06,45.81,45.89,1752300
2024-05-17,RETAL,Retail,45.89,47.62,45.65,46.5,2895877
2024-05-20,RETAL,Retail,46.5,47.03,44.61,44.86,5082630
2024-05-21,RETAL,Retail,44.86,45.63,44.47,45.18,3650008
2024-05-22,RETAL,Retail,45.18,45.28,43.99,44.46,3400773
2024-05-23,RETAL,Retail,44.46,45.79,43.73,44.85,3674284
2024-05-24,RETAL,Retail,44.85,46.97,44.38,46.53,4588475
2024-05-27,RETAL,Retail,46.53,48.72,45.73,48.07,3783796
2024-05-28,RETAL,Retail,48.07,48.8,44.8,45.49,3727664
2024-05-29,RETAL,Retail,45.49,45.53,45.06,45.09,3332948
2024-05-30,RETAL,Retail,45.09,45.84,44.56,45.75,3794707
2024-05-31,RETAL,Retail,45.75,46.51,44.31,45.07,3259491
2024-06-03,RETAL,Retail,45.07,46.6,44.9,46.19,4177677
2024-06-04,RETAL,Retail,46.19,46.23,45.13,45.22,2924275
2024-06-05,RETAL,Retail,45.22,48.3,44.65,47.84,3875331
2024-06-06,RETAL,Retail,47.84,47.9,46.19,46.56,4645173
2024-06-07,RETAL,Retail,46.56,50.19,46.42,48.41,3163722
2024-06-10,RETAL,Retail,48.41,49.14,47.85,48.98,2005865
2024-06-11,RETAL,Retail,48.98,52.46,47.95,51.9,3490063
2024-06-12,RETAL,Retail,51.9,53.77,51.08,52.99,4250678
2024-06-13,RETAL,Retail,52.99,53.05,49.73,50.43,3468707
2024-06-14,RETAL,Retail,50.43,50.53,48.19,48.56,4627254
2024-06-17,RETAL,Retail,48.56,49.03,46.31,47.51,3698616
2024-06-18,RETAL,Retail,47.51,48.22,47.23,47.34,4034955
2024-06-19,RETAL,Retail,47.34,47.5,46.95,47.11,1991048
2024-06-20,RETAL,Retail,47.11,49.85,46.72,49.56,5225766
2024-06-21,RETAL,Retail,49.56,49.93,49.26,49.41,1765363
2024-06-24,RETAL,Retail,49.41,49.79,48.74,49.02,1940463
2024-06-25,RETAL,Retail,49.02,51.44,48.42,50.43,5093520
2024-06-26,RETAL,Retail,50.43,50.83,49.53,50.02,3812074
2024-06-27,RETAL,Retail,50.02,50.38,49.21,50.33,3530693
2024-06-28,RETAL,Retail,50.33,50.76,48.88,49.3,4582262
2024-07-01,RETAL,Retail,49.3,51.19,48.29,50.0,3785324
2024-07-02,RETAL,Retail,50.0,50.82,48.74,48.98,4280022
2024-07-03,RETAL,Retail,48.98,51.51,48.26,51.24,3805672
2024-07-04,RETAL,Retail,51.24,52.6,49.97,52.06,2965732
2024-07-05,RETAL,Retail,52.06,53.51,51.28,53.33,970541
2024-07-08,RETAL,Retail,53.33,53.37,52.28,52.86,3345150
2024-07-09,RETAL,Retail,52.86,54.01,51.31,53.56,2008447
2024-07-10,RETAL,Retail,53.56,53.94,52.85,53.18,3619631
2024-07-11,RETAL,Retail,53.18,53.4,52.22,52.7,3959677
2024-07-12,RETAL,Retail,52.7,53.26,51.38,51.51,3492452
2024-07-15,RETAL,Retail,51.51,52.38,50.28,50.69,3047198
2024-07-16,RETAL,Retail,50.69,50.81,47.16,47.71,5159744
2024-07-17,RETAL,Retail,47.71,47.74,46.82,47.14,3432359
2024-07-18,RETAL,Retail,47.14,49.58,46.84,48.98,3354056
2024-07-19,RETAL,Retail,48.98,50.98,48.83,49.93,4068199
2024-07-22,RETAL,Retail,49.93,51.3,49.74,50.88,3253310
2024-07-23,RETAL,Retail,50.88,52.2,50.34,51.58,3396547
2024-07-24,RETAL,Retail,51.58,53.02,51.29,51.83,3838246
2024-07-25,RETAL,Retail,51.83,53.37,51.32,51.76,2705669
2024-07-26,RETAL,Retail,51.76,51.81,51.06,51.27,1863933
2024-07-29,RETAL,Retail,51.27,51.34,49.82,50.6,5506673
2024-07-30,RETAL,Retail,50.6,52.82,50.16,52.31,3631014
2024-07-31,RETAL,Retail,52.31,54.79,51.45,54.67,3468883
2024-08-01,RETAL,Retail,54.67,56.22,54.54,55.74,4176896
2024-08-02,RETAL,Retail,55.74,55.81,52.03,52.6,3264541
2024-08-05,RETAL,Retail,52.6,53.82,50.5,51.52,2735844
2024-08-06,RETAL,Retail,51.52,52.25,50.55,51.86,3010886
2024-08-07,RETAL,Retail,51.86,51.97,50.36,51.19,3142591
2024-08-08,RETAL,Retail,51.19,52.17,49.23,49.99,4484330
2024-08-09,RETAL,Retail,49.99,50.37,49.17,49.61,3261517
2024-08-12,RETAL,Retail,49.61,49.78,48.51,49.34,4576642
2024-08-13,RETAL,Retail,49.34,49.54,46.92,47.38,3659536
2024-08-14,RETAL,Retail,47.38,47.9,47.24,47.77,3843127
2024-08-15,RETAL,Retail,47.77,48.54,47.4,48.15,1811489
2024-08-16,RETAL,Retail,48.15,49.33,46.68,47.14,2247178
2024-08-19,RETAL,Retail,47.14,47.61,47.03,47.54,4558313
2024-08-20,RETAL,Retail,47.54,48.54,47.29,48.22,2837661
2024-08-21,RETAL,Retail,48.22,49.49,47.14,49.3,3485574
2024-08-22,RETAL,Retail,49.3,50.64,46.86,47.43,3720337
2024-08-23,RETAL,Retail,47.43,47.93,47.26,47.76,3567689
2024-08-26,RETAL,Retail,47.76,50.08,46.88,49.6,2694478
2024-08-27,RETAL,Retail,49.6,50.12,49.39,50.02,4524598
2024-08-28,RETAL,Retail,50.02,50.28,49.44,49.77,1455823
2024-08-29,RETAL,Retail,49.77,49.86,48.93,49.5,4122724
2024-08-30,RETAL,Retail,49.5,49.59,48.04,48.21,5097362
2024-09-02,RETAL,Retail,48.21,48.79,47.79,48.22,3116987
2024-09-03,RETAL,Retail,48.22,49.09,46.87,46.93,3048804
2024-09-04,RETAL,Retail,46.93,48.48,46.83,48.04,2325883
2024-09-05,RETAL,Retail,48.04,49.29,47.58,48.67,2343401
2024-09-06,RETAL,Retail,48.67,49.39,48.53,48.53,2662749
2024-09-09,RETAL,Retail,48.53,48.86,46.25,46.7,4040983
2024-09-10,RETAL,Retail,46.7,47.19,46.22,46.31,3143952
2024-09-11,RETAL,Retail,46.31,48.13,45.8,46.9,3215636
2024-09-12,RETAL,Retail,46.9,47.23,46.34,46.93,2514134
2024-09-13,RETAL,Retail,46.93,47.31,45.43,46.04,4831678
2024-09-16,RETAL,Retail,46.04,46.94,46.04,46.93,2884230
2024-09-17,RETAL,Retail,46.93,47.91,46.52,47.27,1713931
2024-09-18,RETAL,Retail,47.27,48.32,46.61,48.13,2678406
2024-09-19,RETAL,Retail,48.13,48.56,46.93,47.12,3223311
2024-09-20,RETAL,Retail,47.12,47.56,46.24,46.37,3548438
2024-09-23,RETAL,Retail,46.37,47.05,45.74,46.03,1661171
2024-09-24,RETAL,Retail,46.03,47.01,45.78,46.66,1834222
2024-09-25,RETAL,Retail,46.66,46.69,46.0,46.69,1703411
2024-09-26,RETAL,Retail,46.69,46.83,46.37,46.61,2964448
2024-09-27,RETAL,Retail,46.61,46.86,45.05,45.35,3266483
2024-09-30,RETAL,Retail,45.35,45.62,42.89,43.48,4311040
2024-10-01,RETAL,Retail,43.48,44.75,43.06,43.84,2134501
2024-10-02,RETAL,Retail,43.84,45.6,43.16,45.57,2595109
2024-10-03,RETAL,Retail,45.57,46.22,45.52,45.99,4779217
2024-10-04,RETAL,Retail,45.99,46.03,44.41,45.21,3684082
2024-10-07,RETAL,Retail,45.21,45.5,42.79,43.42,5619856
2024-10-08,RETAL,Retail,43.42,45.03,41.77,42.55,2649645
2024-10-09,RETAL,Retail,42.55,42.99,42.13,42.59,3425296
2024-10-10,RETAL,Retail,42.59,44.01,42.4,43.95,3371689
2024-10-11,RETAL,Retail,43.95,45.12,43.79,44.91,4368467
2024-10-14,RETAL,Retail,44.91,45.08,42.51,42.63,6330657
2024-10-15,RETAL,Retail,42.63,43.46,40.98,41.02,4478026
2024-10-16,RETAL,Retail,41.02,43.06,40.82,42.76,4309576
2024-10-17,RETAL,Retail,42.76,42.78,41.89,42.27,3234258
2024-10-18,RETAL,Retail,42.27,42.49,39.76,39.82,3946822
2024-10-21,RETAL,Retail,39.82,40.78,38.86,40.06,3046929
2024-10-22,RETAL,Retail,40.06,40.54,39.92,39.93,4355187
2024-10-23,RETAL,Retail,39.93,41.42,39.66,40.99,3242715
2024-10-24,RETAL,Retail,40.99,41.09,39.4,39.52,5072003
2024-10-25,RETAL,Retail,39.52,40.65,38.93,39.85,2759722
2024-10-28,RETAL,Retail,39.85,40.54,37.43,38.08,2398950
2024-10-29,RETAL,Retail,38.08,39.72,38.0,39.53,5815339
2024-10-30,RETAL,Retail,39.53,41.21,39.3,40.88,4524979
2024-10-31,RETAL,Retail,40.88,40.91,40.04,40.49,2905515
2024-11-01,RETAL,Retail,40.49,40.82,40.07,40.14,2896183
2024-11-04,RETAL,Retail,40.14,41.49,40.09,40.67,3444103
2024-11-05,RETAL,Retail,40.67,40.75,39.57,40.37,3513855
2024-11-06,RETAL,Retail,40.37,41.3,39.85,41.05,3606157
2024-11-07,RETAL,Retail,41.05,41.64,40.69,41.56,1738125
2024-11-08,RETAL,Retail,41.56,42.38,39.4,40.65,3375946
2024-11-11,RETAL,Retail,40.65,41.91,40.44,41.86,3859619
2024-11-12,RETAL,Retail,41.86,41.88,41.16,41.51,4264157
2024-11-13,RETAL,Retail,41.51,43.08,40.79,43.01,3258412
2024-11-14,RETAL,Retail,43.01,43.28,42.29,42.83,2383443
2024-11-15,RETAL,Retail,42.83,43.91,42.5,43.4,1991159
2024-11-18,RETAL,Retail,43.4,47.45,43.26,46.99,6281447
2024-11-19,RETAL,Retail,46.99,47.5,46.77,46.86,3146534
2024-11-20,RETAL,Retail,46.86,47.71,45.62,46.75,2192908
2024-11-21,RETAL,Retail,46.75,46.88,44.65,45.19,3744999
2024-11-22,RETAL,Retail,45.19,46.56,44.73,45.99,3110652
2024-11-25,RETAL,Retail,45.99,46.3,44.98,46.07,3562428
2024-11-26,RETAL,Retail,46.07,47.24,44.19,44.41,3648162
2024-11-27,RETAL,Retail,44.41,44.76,42.34,43.58,4423057
2024-11-28,RETAL,Retail,43.58,44.4,41.29,41.91,3587024
2024-11-29,RETAL,Retail,41.91,42.26,40.88,42.26,2432530
2024-12-02,RETAL,Retail,42.26,42.66,41.5,42.43,5137571
2024-12-03,RETAL,Retail,42.43,42.55,40.3,41.2,3254338
2024-12-04,RETAL,Retail,41.2,42.08,40.9,41.65,3001640
2024-12-05,RETAL,Retail,41.65,43.61,41.35,42.88,3793408
2024-12-06,RETAL,Retail,42.88,43.44,42.88,43.1,3300228
2024-12-09,RETAL,Retail,43.1,43.16,42.17,42.86,3741499
2024-12-10,RETAL,Retail,42.86,44.03,42.78,43.63,3761089
2024-12-11,RETAL,Retail,43.63,44.33,40.99,42.47,3543961
2024-12-12,RETAL,Retail,42.47,44.45,42.26,43.7,2941593
2024-12-13,RETAL,Retail,43.7,44.22,43.22,43.32,1250635
2024-12-16,RETAL,Retail,43.32,43.85,42.05,42.29,5448130
2024-12-17,RETAL,Retail,42.29,44.28,40.96,44.09,4051122
2024-12-18,RETAL,Retail,44.09,44.44,41.83,43.05,5284597
2024-12-19,RETAL,Retail,43.05,45.36,42.93,44.79,4082693
2024-12-20,RETAL,Retail,44.79,45.77,43.62,43.73,3220893
2024-12-23,RETAL,Retail,43.73,43.86,42.56,43.33,2928163
2024-12-24,RETAL,Retail,43.33,43.93,43.03,43.54,2540222
2024-12-25,RETAL,Retail,43.54,43.96,42.92,43.66,4233479
2024-12-26,RETAL,Retail,43.66,45.66,43.56,45.25,4616822
2024-12-27,RETAL,Retail,45.25,45.52,44.56,44.65,1855361
2024-12-30,RETAL,Retail,44.65,45.81,44.13,45.19,2625515
2024-12-31,RETAL,Retail,45.19,45.96,44.75,45.03,2085792
2025-01-01,RETAL,Retail,45.03,45.37,43.69,43.91,3983585
2025-01-02,RETAL,Retail,43.91,44.55,42.85,43.01,3303243
2025-01-03,RETAL,Retail,43.01,45.37,42.03,45.35,2794312
2025-01-06,RETAL,Retail,45.35,45.98,42.94,43.59,6003387
2025-01-07,RETAL,Retail,43.59,43.84,42.13,42.76,1578288
2025-01-08,RETAL,Retail,42.76,43.67,42.75,43.54,1996908
2025-01-09,RETAL,Retail,43.54,45.64,43.25,45.35,2252257
2025-01-10,RETAL,Retail,45.35,45.52,44.97,45.16,3246245
2025-01-13,RETAL,Retail,45.16,46.39,45.05,45.74,3421630
2025-01-14,RETAL,Retail,45.74,46.07,45.01,46.03,1905286
2025-01-15,RETAL,Retail,46.03,46.5,43.05,43.5,5408931
2025-01-16,RETAL,Retail,43.5,45.03,42.94,43.86,3359472
2025-01-17,RETAL,Retail,43.86,44.15,43.66,44.03,3104123
2025-01-20,RETAL,Retail,44.03,44.54,43.49,44.18,2685852
2025-01-21,RETAL,Retail,44.18,44.61,42.55,42.74,4915493
2025-01-22,RETAL,Retail,42.74,42.83,42.04,42.71,3723443
2025-01-23,RETAL,Retail,42.71,42.76,41.26,42.04,3894930
2025-01-24,RETAL,Retail,42.04,42.97,40.31,40.35,2522414
2025-01-27,RETAL,Retail,40.35,41.04,40.26,41.02,2680010
2025-01-28,RETAL,Retail,41.02,44.35,40.88,42.83,4486496
2025-01-29,RETAL,Retail,42.83,43.09,42.38,42.95,2071048
2025-01-30,RETAL,Retail,42.95,43.17,41.48,41.75,831154
2025-01-31,RETAL,Retail,41.75,42.26,41.05,42.24,3645945
2025-02-03,RETAL,Retail,42.24,43.42,40.33,40.7,3148478
2025-02-04,RETAL,Retail,40.7,41.68,40.12,41.68,2155861
2025-02-05,RETAL,Retail,41.68,43.09,40.63,42.71,5016077
2025-02-06,RETAL,Retail,42.71,43.04,42.24,42.83,4241841
2025-02-07,RETAL,Retail,42.83,43.27,41.15,41.58,2618328
2025-02-10,RETAL,Retail,41.58,43.79,41.24,43.66,2276924
2025-02-11,RETAL,Retail,43.66,46.7,43.1,46.0,3004563
2025-02-12,RETAL,Retail,46.0,46.45,44.72,45.31,2078170
2025-02-13,RETAL,Retail,45.31,47.17,44.78,46.56,5424611
2025-02-14,RETAL,Retail,46.56,46.93,44.62,44.89,2873143
2025-02-17,RETAL,Retail,44.89,45.35,44.79,45.21,3961977
2025-02-18,RETAL,Retail,45.21,45.34,44.33,44.97,3866288
2025-02-19,RETAL,Retail,44.97,46.54,44.68,45.88,2565506
2025-02-20,RETAL,Retail,45.88,45.92,43.93,44.43,4647918
2025-02-21,RETAL,Retail,44.43,46.44,43.97,45.36,1967629
2025-02-24,RETAL,Retail,45.36,45.62,44.72,44.86,2687806
2025-02-25,RETAL,Retail,44.86,47.67,44.17,46.34,3172906
2025-02-26,RETAL,Retail,46.34,46.64,45.38,46.27,1914109
2025-02-27,RETAL,Retail,46.27,46.61,45.34,46.31,2185878
2025-02-28,RETAL,Retail,46.31,46.82,45.69,46.16,2753958
2025-03-03,RETAL,Retail,46.16,47.13,45.54,46.93,2383512
2025-03-04,RETAL,Retail,46.93,48.06,45.11,45.49,2268643
2025-03-05,RETAL,Retail,45.49,46.1,43.34,43.53,3726251
2025-03-06,RETAL,Retail,43.53,44.08,43.28,43.38,5251902
2025-03-07,RETAL,Retail,43.38,44.12,42.94,43.54,3058445
2025-03-10,RETAL,Retail,43.54,43.73,42.65,42.93,2766420
2025-03-11,RETAL,Retail,42.93,43.79,41.82,43.13,3909392
2025-03-12,RETAL,Retail,43.13,45.51,42.75,45.16,5787943
2025-03-13,RETAL,Retail,45.16,45.43,43.21,44.17,2494398
2025-03-14,RETAL,Retail,44.17,45.01,42.07,42.71,4284345
2025-03-17,RETAL,Retail,42.71,42.94,42.53,42.68,4444563
2025-03-18,RETAL,Retail,42.68,44.12,42.2,42.96,3136511
2025-03-19,RETAL,Retail,42.96,43.54,42.5,42.58,3613953
2025-03-20,RETAL,Retail,42.58,44.33,42.33,43.16,4474330
2025-03-21,RETAL,Retail,43.16,44.16,41.86,43.25,3537863
2025-03-24,RETAL,Retail,43.25,43.55,42.05,42.2,4074366
2025-03-25,RETAL,Retail,42.2,43.2,42.2,42.96,2776205
2025-03-26,RETAL,Retail,42.96,44.42,42.41,43.41,3774449
2025-03-27,RETAL,Retail,43.41,44.75,43.13,44.55,2815460
2025-03-28,RETAL,Retail,44.55,44.78,43.76,44.43,2626372
2025-03-31,RETAL,Retail,44.43,45.51,43.32,43.56,3629439
2025-04-01,RETAL,Retail,43.56,44.7,42.89,44.07,3910252
2025-04-02,RETAL,Retail,44.07,46.2,44.02,45.81,3993631
2025-04-03,RETAL,Retail,45.81,46.98,45.75,46.14,1813623
2025-04-04,RETAL,Retail,46.14,47.81,45.07,46.58,4019437
2025-04-07,RETAL,Retail,46.58,47.15,45.23,45.96,3642035
2025-04-08,RETAL,Retail,45.96,47.08,44.42,46.99,2894121
2025-04-09,RETAL,Retail,46.99,49.1,46.02,49.06,4646618
2025-04-10,RETAL,Retail,49.06,50.12,48.49,49.47,3177141
2025-04-11,RETAL,Retail,49.47,51.47,48.82,49.93,2743889
2025-04-14,RETAL,Retail,49.93,50.52,48.28,48.29,5168752
2025-04-15,RETAL,Retail,48.29,48.84,48.2,48.84,3749003
2025-04-16,RETAL,Retail,48.84,49.36,47.99,48.36,3095844
2025-04-17,RETAL,Retail,48.36,49.09,48.29,48.43,3045816
2025-04-18,RETAL,Retail,48.43,48.69,47.52,47.73,4252471
2025-04-21,RETAL,Retail,47.73,48.0,46.59,47.06,3587852
2025-04-22,RETAL,Retail,47.06,47.83,45.04,46.02,4362695
2025-04-23,RETAL,Retail,46.02,47.1,43.72,44.58,5042416
2025-04-24,RETAL,Retail,44.58,44.79,44.41,44.51,3612701
2025-04-25,RETAL,Retail,44.51,44.97,43.18,43.53,1722236
2025-04-28,RETAL,Retail,43.53,45.19,42.4,42.92,4488132
2025-04-29,RETAL,Retail,42.92,43.19,41.96,42.31,4470639
2025-04-30,RETAL,Retail,42.31,43.36,41.81,42.12,3326550
2025-05-01,RETAL,Retail,42.12,42.99,41.97,42.4,3312240
2025-05-02,RETAL,Retail,42.4,43.69,41.52,41.96,4396246
2025-05-05,RETAL,Retail,41.96,42.89,41.51,42.88,2713244
2025-05-06,RETAL,Retail,42.88,43.84,41.82,42.35,1831671
2025-05-07,RETAL,Retail,42.35,44.13,41.93,43.79,4494242
2025-05-08,RETAL,Retail,43.79,44.8,43.46,44.0,3211773
2025-05-09,RETAL,Retail,44.0,45.58,42.29,44.84,3489888
2025-05-12,RETAL,Retail,44.84,45.73,44.33,45.02,3132574
2025-05-13,RETAL,Retail,45.02,46.04,44.71,45.19,3569543
2025-05-14,RETAL,Retail,45.19,46.41,45.12,45.72,1913938
2025-05-15,RETAL,Retail,45.72,47.79,45.2,46.95,3467053
2025-05-16,RETAL,Retail,46.95,50.26,46.88,48.2,2206753
2025-05-19,RETAL,Retail,48.2,48.57,46.56,47.51,3509501
2025-05-20,RETAL,Retail,47.51,48.91,46.74,47.99,4080630
2025-05-21,RETAL,Retail,47.99,48.54,45.02,45.42,4614670
2025-05-22,RETAL,Retail,45.42,45.86,42.84,43.48,1592325
2025-05-23,RETAL,Retail,43.48,43.93,42.05,43.5,2857837
2025-05-26,RETAL,Retail,43.5,45.8,43.21,44.92,3898373
2025-05-27,RETAL,Retail,44.92,45.16,43.81,43.93,3284980
2025-05-28,RETAL,Retail,43.93,46.2,43.66,45.99,4792905
2025-05-29,RETAL,Retail,45.99,46.76,45.8,46.71,3548706
2025-05-30,RETAL,Retail,46.71,48.76,46.57,48.09,4559789
2025-06-02,RETAL,Retail,48.09,48.11,47.59,47.88,2935561
2025-06-03,RETAL,Retail,47.88,49.56,47.8,49.51,2159676
2025-06-04,RETAL,Retail,49.51,49.66,48.64,49.15,3194173
2025-06-05,RETAL,Retail,49.15,49.2,48.57,48.65,2314936
2025-06-06,RETAL,Retail,48.65,48.69,47.47,48.19,3475767
2025-06-09,RETAL,Retail,48.19,48.43,46.4,47.41,4316120
2025-06-10,RETAL,Retail,47.41,48.52,46.56,48.08,4418460
2025-06-11,RETAL,Retail,48.08,49.44,47.43,48.79,1841352
2025-06-12,RETAL,Retail,48.79,49.05,48.46,49.01,3875852
2025-06-13,RETAL,Retail,49.01,49.33,46.46,46.75,2090259
2025-06-16,RETAL,Retail,46.75,49.34,46.4,48.52,4973582
2025-06-17,RETAL,Retail,48.52,50.01,48.1,49.33,3695174
2025-06-18,RETAL,Retail,49.33,52.49,49.24,52.23,3278201
2025-06-19,RETAL,Retail,52.23,52.77,50.4,51.28,3453061
2025-06-20,RETAL,Retail,51.28,53.02,49.77,52.03,4636856
2025-06-23,RETAL,Retail,52.03,52.41,51.49,52.13,2355378
2025-06-24,RETAL,Retail,52.13,54.37,51.48,52.79,4560190
2025-06-25,RETAL,Retail,52.79,53.19,52.05,52.57,2648637
2025-06-26,RETAL,Retail,52.57,53.04,49.55,49.9,3997683
2025-06-27,RETAL,Retail,49.9,50.31,49.89,50.08,2551869
2025-06-30,RETAL,Retail,50.08,50.44,47.07,47.65,4748507
2025-07-01,RETAL,Retail,47.65,49.33,47.2,48.76,3415064
2025-07-02,RETAL,Retail,48.76,49.21,47.24,48.15,4283457
2025-07-03,RETAL,Retail,48.15,48.9,47.46,47.96,2288407
2025-07-04,RETAL,Retail,47.96,48.68,47.75,48.04,984980
2025-07-07,RETAL,Retail,48.04,48.13,47.7,47.83,2517685
2025-07-08,RETAL,Retail,47.83,48.16,47.82,48.12,3531476
2025-07-09,RETAL,Retail,48.12,48.41,46.8,47.62,3790583
2025-07-10,RETAL,Retail,47.62,49.38,47.31,48.63,4485250
2025-07-11,RETAL,Retail,48.63,48.76,46.63,46.74,5916418
2025-07-14,RETAL,Retail,46.74,48.22,46.52,47.84,3748102
2025-07-15,RETAL,Retail,47.84,49.03,47.63,48.41,3059783
2025-07-16,RETAL,Retail,48.41,49.22,48.06,48.78,4301832
2025-07-17,RETAL,Retail,48.78,49.37,47.49,47.52,2780903
2025-07-18,RETAL,Retail,47.52,47.58,45.62,46.49,2454906
2025-07-21,RETAL,Retail,46.49,49.18,46.06,48.9,4776986
2025-07-22,RETAL,Retail,48.9,50.24,48.82,49.62,4334481
2025-07-23,RETAL,Retail,49.62,50.28,47.02,47.12,4627500
2025-07-24,RETAL,Retail,47.12,47.27,45.71,46.07,3241348
2025-07-25,RETAL,Retail,46.07,47.81,45.49,47.27,2476512
2025-07-28,RETAL,Retail,47.27,47.28,46.42,46.81,4244555
2025-07-29,RETAL,Retail,46.81,47.48,46.07,47.24,4348188
2025-07-30,RETAL,Retail,47.24,47.73,43.42,43.93,4072996
2025-07-31,RETAL,Retail,43.93,45.39,43.9,45.35,4160338
2025-08-01,RETAL,Retail,45.35,49.81,44.95,48.99,3575565
2025-08-04,RETAL,Retail,48.99,49.69,48.48,49.19,3228710
2025-08-05,RETAL,Retail,49.19,49.24,47.32,47.83,3828871
2025-08-06,RETAL,Retail,47.83,47.84,46.38,46.82,3447686
2025-08-07,RETAL,Retail,46.82,46.94,45.99,46.39,2152152
2025-08-08,RETAL,Retail,46.39,47.48,46.06,46.72,3223290
2025-08-11,RETAL,Retail,46.72,47.75,46.28,47.49,1333956
2025-08-12,RETAL,Retail,47.49,48.08,44.81,45.67,4392291
2025-08-13,RETAL,Retail,45.67,46.23,45.09,45.29,3392175
2025-08-14,RETAL,Retail,45.29,48.07,44.47,47.7,4730526
2025-08-15,RETAL,Retail,47.7,48.17,46.6,46.93,3421007
2025-08-18,RETAL,Retail,46.93,47.62,46.45,47.27,3894411
2025-08-19,RETAL,Retail,47.27,47.32,46.86,47.03,3370861
2025-08-20,RETAL,Retail,47.03,47.78,45.3,45.37,3611799
2025-08-21,RETAL,Retail,45.37,46.02,44.94,45.88,3798351
2025-08-22,RETAL,Retail,45.88,47.52,45.38,46.73,3276955
2025-08-25,RETAL,Retail,46.73,47.7,45.31,45.44,3142021
2025-08-26,RETAL,Retail,45.44,45.63,43.41,43.49,2198245
2025-08-27,RETAL,Retail,43.49,44.28,42.03,44.01,2723035
2025-08-28,RETAL,Retail,44.01,44.49,42.85,43.55,2885758
2025-08-29,RETAL,Retail,43.55,43.93,42.04,42.78,4064864
2025-09-01,RETAL,Retail,42.78,45.02,42.44,44.71,5146012
2025-09-02,RETAL,Retail,44.71,47.35,44.46,46.64,5132751
2025-09-03,RETAL,Retail,46.64,47.09,45.06,45.63,3132033
2025-09-04,RETAL,Retail,45.63,45.86,41.8,42.14,6450099
2025-09-05,RETAL,Retail,42.14,43.17,41.57,42.57,4257331
2025-09-08,RETAL,Retail,42.57,45.26,42.15,44.83,4493048
2025-09-09,RETAL,Retail,44.83,45.26,43.43,44.27,2888872
2025-09-10,RETAL,Retail,44.27,44.66,41.99,42.33,4664783
2025-09-11,RETAL,Retail,42.33,42.49,41.33,42.4,2702486
2025-09-12,RETAL,Retail,42.4,42.75,41.39,41.7,2519916
2025-09-15,RETAL,Retail,41.7,42.79,40.94,41.09,2257267
2025-09-16,RETAL,Retail,41.09,41.68,41.04,41.2,2926720
2025-09-17,RETAL,Retail,41.2,43.2,40.25,42.94,2491581
2025-09-18,RETAL,Retail,42.94,43.52,41.34,43.02,4277985
2025-09-19,RETAL,Retail,43.02,44.1,42.69,43.81,3886027
2025-09-22,RETAL,Retail,43.81,43.93,42.57,43.06,4962059
2025-09-23,RETAL,Retail,43.06,43.73,41.38,41.4,3353039
2025-09-24,RETAL,Retail,41.4,41.97,40.69,41.59,3404571
2025-09-25,RETAL,Retail,41.59,41.62,39.76,40.68,4946543
2025-09-26,RETAL,Retail,40.68,42.04,40.33,41.63,4793855
2025-09-29,RETAL,Retail,41.63,42.33,41.14,41.17,2461897
2025-09-30,RETAL,Retail,41.17,41.55,38.86,40.11,3768885
2025-10-01,RETAL,Retail,40.11,41.11,39.18,40.49,2435692
2025-10-02,RETAL,Retail,40.49,42.14,40.19,41.97,4733482
2025-10-03,RETAL,Retail,41.97,42.7,41.04,41.37,4753039
2025-10-06,RETAL,Retail,41.37,42.78,40.98,41.85,1522404
2025-10-07,RETAL,Retail,41.85,43.1,40.68,43.08,4128172
2025-10-08,RETAL,Retail,43.08,43.88,41.64,42.53,3416843
2025-10-09,RETAL,Retail,42.53,42.74,41.44,42.24,1925757
2025-10-10,RETAL,Retail,42.24,43.87,42.23,43.61,1462870
2025-10-13,RETAL,Retail,43.61,43.95,42.0,42.2,5766580
2025-10-14,RETAL,Retail,42.2,43.76,41.95,43.64,3455157
2025-10-15,RETAL,Retail,43.64,46.56,43.54,45.9,4500081
2025-10-16,RETAL,Retail,45.9,47.93,45.01,47.58,1326221
2025-10-17,RETAL,Retail,47.58,48.46,46.54,48.15,4814446
2025-10-20,RETAL,Retail,48.15,49.14,47.08,48.22,3099375
2025-10-21,RETAL,Retail,48.22,51.24,48.09,51.22,5662831
2025-10-22,RETAL,Retail,51.22,51.28,49.9,50.79,3218726
2025-10-23,RETAL,Retail,50.79,51.03,48.24,48.67,5044636
2025-10-24,RETAL,Retail,48.67,50.45,48.11,49.54,4551481
2025-10-27,RETAL,Retail,49.54,50.04,47.54,48.73,2689213
2025-10-28,RETAL,Retail,48.73,51.3,48.22,50.95,4455444
2025-10-29,RETAL,Retail,50.95,52.48,50.34,51.89,3890193
2025-10-30,RETAL,Retail,51.89,52.85,50.43,51.03,2633564
2025-10-31,RETAL,Retail,51.03,52.46,50.09,51.72,3676033
2025-11-03,RETAL,Retail,51.72,52.12,49.83,50.22,2528930
2025-11-04,RETAL,Retail,50.22,51.63,50.02,51.25,1166272
2025-11-05,RETAL,Retail,51.25,53.03,51.25,52.49,1939340
2025-11-06,RETAL,Retail,52.49,54.55,52.19,54.1,6330085
2025-11-07,RETAL,Retail,54.1,54.6,52.8,53.18,3809349
2025-11-10,RETAL,Retail,53.18,53.83,53.0,53.58,3131651
2025-11-11,RETAL,Retail,53.58,56.54,52.89,55.63,4885540
2025-11-12,RETAL,Retail,55.63,57.42,55.57,56.63,1507282
2025-11-13,RETAL,Retail,56.63,57.33,56.04,56.55,1901503
2025-11-14,RETAL,Retail,56.55,56.98,54.25,55.91,3962250
2025-11-17,RETAL,Retail,55.91,59.49,55.77,59.04,4272844
2025-11-18,RETAL,Retail,59.04,59.11,58.42,58.45,2422943
2025-11-19,RETAL,Retail,58.45,62.07,57.92,60.94,3899636
2025-11-20,RETAL,Retail,60.94,64.13,60.66,63.86,3843917
2025-11-21,RETAL,Retail,63.86,64.87,63.25,63.96,1410247
2025-11-24,RETAL,Retail,63.96,64.03,62.28,62.51,1438677
2025-11-25,RETAL,Retail,62.51,62.95,62.2,62.33,2486545
2025-11-26,RETAL,Retail,62.33,62.75,61.23,61.72,3404007
2025-11-27,RETAL,Retail,61.72,65.92,61.47,65.31,4328424
2025-11-28,RETAL,Retail,65.31,66.21,62.32,64.22,2858666
2025-12-01,RETAL,Retail,64.22,65.81,63.56,65.57,3966177
2025-12-02,RETAL,Retail,65.57,67.26,64.91,67.09,4042457
2025-12-03,RETAL,Retail,67.09,67.71,65.21,66.45,705027
2025-12-04,RETAL,Retail,66.45,68.11,64.42,66.66,2646284
2025-12-05,RETAL,Retail,66.66,67.97,65.99,67.94,2502781
2025-12-08,RETAL,Retail,67.94,71.51,66.29,70.67,4029342
2025-12-09,RETAL,Retail,70.67,71.45,70.41,71.21,2189306
2025-12-10,RETAL,Retail,71.21,72.1,70.82,71.4,3218598
2025-12-11,RETAL,Retail,71.4,73.45,71.36,71.95,3907573
2025-12-12,RETAL,Retail,71.95,76.91,70.91,75.67,3852530
2025-12-15,RETAL,Retail,75.67,77.4,75.2,76.14,3409133
2025-12-16,RETAL,Retail,76.14,77.21,74.99,76.23,4510174
2025-12-17,RETAL,Retail,76.23,78.05,76.08,77.98,4065350
2025-12-18,RETAL,Retail,77.98,81.09,77.84,80.99,3945842
2025-12-19,RETAL,Retail,80.99,85.03,80.96,84.64,5872992
2025-12-22,RETAL,Retail,84.64,86.2,83.67,84.99,2909271
2025-12-23,RETAL,Retail,84.99,88.93,84.83,88.19,4203187
2025-12-24,RETAL,Retail,88.19,88.64,85.93,86.05,3631649
2025-12-25,RETAL,Retail,86.05,90.56,85.13,88.85,3906396
2025-12-26,RETAL,Retail,88.85,92.1,88.05,90.39,3714724
2025-12-29,RETAL,Retail,90.39,92.71,89.34,91.94,3609270
2025-12-30,RETAL,Retail,91.94,95.59,91.79,95.34,3604662
2025-12-31,RETAL,Retail,95.34,95.36,89.53,89.87,3703465
2026-01-01,RETAL,Retail,89.87,90.86,86.49,87.32,5858912
2026-01-02,RETAL,Retail,87.32,91.9,86.39,90.38,3077206
2026-01-05,RETAL,Retail,90.38,90.91,88.33,89.11,4297772
2026-01-06,RETAL,Retail,89.11,89.2,88.42,88.94,3565991
2026-01-07,RETAL,Retail,88.94,93.07,88.92,91.6,2526545
2026-01-08,RETAL,Retail,91.6,91.86,91.48,91.53,2294342
2026-01-09,RETAL,Retail,91.53,93.93,88.03,88.17,3378640
2026-01-12,RETAL,Retail,88.17,89.63,85.79,86.73,4835997
2026-01-13,RETAL,Retail,86.73,92.49,86.63,90.29,3508312
2026-01-14,RETAL,Retail,90.29,91.92,82.95,83.76,7603404
2026-01-15,RETAL,Retail,83.76,86.04,83.74,85.69,5347463
2026-01-16,RETAL,Retail,85.69,91.0,83.55,90.34,1593687
2026-01-19,RETAL,Retail,90.34,93.43,90.13,93.37,1761031
2026-01-20,RETAL,Retail,93.37,93.71,91.42,91.66,3028576
2026-01-21,RETAL,Retail,91.66,92.56,87.98,89.33,3875526
2026-01-22,RETAL,Retail,89.33,91.76,86.03,90.74,2848977
2026-01-23,RETAL,Retail,90.74,91.14,85.17,88.82,4239523
2026-01-26,RETAL,Retail,88.82,95.61,88.12,94.94,5139292
2026-01-27,RETAL,Retail,94.94,101.48,94.26,99.21,4390309
2026-01-28,RETAL,Retail,99.21,100.23,93.86,95.72,3891475
2026-01-29,RETAL,Retail,95.72,96.15,93.68,94.17,3470915
2026-01-30,RETAL,Retail,94.17,94.84,93.0,94.64,3808167
2026-02-02,RETAL,Retail,94.64,95.83,92.06,92.36,4368752
2026-02-03,RETAL,Retail,92.36,93.49,92.05,92.74,2793097
2026-02-04,RETAL,Retail,92.74,95.23,92.38,94.83,3786185
2026-02-05,RETAL,Retail,94.83,98.7,94.36,98.0,3720682
2026-02-06,RETAL,Retail,98.0,99.9,97.86,99.09,4354363
2026-02-09,RETAL,Retail,99.09,100.74,95.26,96.82,2303376
2026-02-10,RETAL,Retail,96.82,100.04,96.46,98.31,3994134
2026-02-11,RETAL,Retail,98.31,99.86,98.08,99.38,3366847
2026-02-12,RETAL,Retail,99.38,99.65,96.11,98.88,3880677
2026-02-13,RETAL,Retail,98.88,105.71,98.77,105.06,2701864
2026-02-16,RETAL,Retail,105.06,107.56,102.31,102.98,5473865
2026-02-17,RETAL,Retail,102.98,104.34,99.41,99.83,3662604
2026-02-18,RETAL,Retail,99.83,102.76,99.31,102.19,3423237
2026-02-19,RETAL,Retail,102.19,103.36,100.3,101.42,4159865
2026-02-20,RETAL,Retail,101.42,103.47,96.42,96.84,3138213
2026-02-23,RETAL,Retail,96.84,100.51,95.49,98.68,3976154
2026-02-24,RETAL,Retail,98.68,103.59,98.04,101.41,2662527
2026-02-25,RETAL,Retail,101.41,105.07,100.34,104.56,4349105
2026-02-26,RETAL,Retail,104.56,105.33,100.71,102.36,2689874
2026-02-27,RETAL,Retail,102.36,103.74,101.96,102.73,3044171
2026-03-02,RETAL,Retail,102.73,103.97,100.41,100.77,2581460
2026-03-03,RETAL,Retail,100.77,101.96,98.69,98.78,4458032
2026-03-04,RETAL,Retail,98.78,103.48,96.13,102.55,2735614
2026-03-05,RETAL,Retail,102.55,106.33,101.44,105.38,2843911
2026-03-06,RETAL,Retail,105.38,106.15,104.41,105.3,2164368
2026-03-09,RETAL,Retail,105.3,106.5,102.6,102.74,3355975
2026-03-10,RETAL,Retail,102.74,103.09,97.52,100.35,3019356
2026-03-11,RETAL,Retail,100.35,101.06,98.62,99.32,3899967
2026-03-12,RETAL,Retail,99.32,101.59,97.16,97.58,2783144
2026-03-13,RETAL,Retail,97.58,98.21,94.54,96.19,2069464
2026-03-16,RETAL,Retail,96.19,96.87,94.62,94.64,3113146
2026-03-17,RETAL,Retail,94.64,95.11,91.04,91.16,3151115
2026-03-18,RETAL,Retail,91.16,93.83,91.07,92.77,3660882
2026-03-19,RETAL,Retail,92.77,93.25,86.7,87.8,3740352
2026-03-20,RETAL,Retail,87.8,90.3,84.27,86.23,3911541
2026-03-23,RETAL,Retail,86.23,91.19,85.38,88.72,3174349
2026-03-24,RETAL,Retail,88.72,89.27,85.43,88.25,3492017
2026-03-25,RETAL,Retail,88.25,91.28,87.38,89.49,2466760
2026-03-26,RETAL,Retail,89.49,89.82,82.6,83.54,3752486
2026-03-27,RETAL,Retail,83.54,88.34,83.38,88.06,2540454
2026-03-30,RETAL,Retail,88.06,90.93,87.29,88.73,3876378
2026-03-31,RETAL,Retail,88.73,92.96,88.55,91.79,4474989
2026-04-01,RETAL,Retail,91.79,93.86,89.05,92.85,3618504
2026-04-02,RETAL,Retail,92.85,93.51,91.66,92.55,3038000
2026-04-03,RETAL,Retail,92.55,94.78,88.28,89.54,6492846
2026-04-06,RETAL,Retail,89.54,91.42,89.34,91.2,3189936
2026-04-07,RETAL,Retail,91.2,94.49,90.55,93.91,3324275
2026-04-08,RETAL,Retail,93.91,99.43,92.45,98.51,3443928
2026-04-09,RETAL,Retail,98.51,101.56,98.38,101.17,5435729
2026-04-10,RETAL,Retail,101.17,101.42,98.04,98.58,4177401
2026-04-13,RETAL,Retail,98.58,101.15,95.94,97.52,4684591
2026-04-14,RETAL,Retail,97.52,102.92,95.58,100.53,2765939
2026-04-15,RETAL,Retail,100.53,106.78,98.51,104.33,3334795
2026-04-16,RETAL,Retail,104.33,106.97,104.09,104.88,2556571
2026-04-17,RETAL,Retail,104.88,106.37,104.3,105.75,3028029
2026-04-20,RETAL,Retail,105.75,106.96,98.85,100.64,4394572
2026-04-21,RETAL,Retail,100.64,102.04,98.46,99.87,2966428
2026-04-22,RETAL,Retail,99.87,100.82,99.75,100.27,2920400
2026-04-23,RETAL,Retail,100.27,100.5,95.2,96.81,4017778
2026-04-24,RETAL,Retail,96.81,100.54,95.39,100.18,3690325
2026-04-27,RETAL,Retail,100.18,100.93,97.97,98.15,5275859
2026-04-28,RETAL,Retail,98.15,101.25,97.27,101.05,3272145
2026-04-29,RETAL,Retail,101.05,101.65,100.09,101.19,4335981
2026-04-30,RETAL,Retail,101.19,104.45,100.02,103.26,4068550
2026-05-01,RETAL,Retail,103.26,105.46,98.11,100.37,3413959
2026-05-04,RETAL,Retail,100.37,101.14,98.81,99.49,3015919
2026-05-05,RETAL,Retail,99.49,99.87,95.77,96.43,4551954
2026-05-06,RETAL,Retail,96.43,97.65,95.23,97.32,3285216
2026-05-07,RETAL,Retail,97.32,97.54,94.14,96.24,3088341
2026-05-08,RETAL,Retail,96.24,98.36,94.41,97.94,3154850
2026-05-11,RETAL,Retail,97.94,100.17,95.08,99.19,3447896
2026-05-12,RETAL,Retail,99.19,100.24,94.39,96.65,3264755
2026-05-13,RETAL,Retail,96.65,100.24,95.42,98.73,3649112
2026-05-14,RETAL,Retail,98.73,98.83,96.5,97.05,4335401
2026-05-15,RETAL,Retail,97.05,98.38,96.38,97.91,4041239
2026-05-18,RETAL,Retail,97.91,99.92,97.69,98.89,4160981
2026-05-19,RETAL,Retail,98.89,101.48,93.72,95.52,4403556
2026-05-20,RETAL,Retail,95.52,98.32,94.64,97.02,3654813
2026-05-21,RETAL,Retail,97.02,98.74,93.04,93.22,3470592
2026-05-22,RETAL,Retail,93.22,95.57,91.7,92.39,3467338
2026-05-25,RETAL,Retail,92.39,93.86,90.39,91.99,2548653
2026-05-26,RETAL,Retail,91.99,92.31,90.0,90.08,3949261
2026-05-27,RETAL,Retail,90.08,91.07,87.46,89.34,5508597
2026-05-28,RETAL,Retail,89.34,90.55,87.69,89.71,1753368
2026-05-29,RETAL,Retail,89.71,90.49,87.71,89.0,2920976
2026-06-01,RETAL,Retail,89.0,89.01,87.09,87.12,2852892
2026-06-02,RETAL,Retail,87.12,87.37,85.48,86.36,3067356
2026-06-03,RETAL,Retail,86.36,88.83,85.74,88.18,4966899
2026-06-04,RETAL,Retail,88.18,88.7,83.87,85.76,3377129
2026-06-05,RETAL,Retail,85.76,85.98,79.63,79.77,1004944
2026-06-08,RETAL,Retail,79.77,83.2,79.44,82.47,3553904
2026-06-09,RETAL,Retail,82.47,83.57,78.92,79.85,4985978
2026-06-10,RETAL,Retail,79.85,80.37,78.67,79.6,4180517
2026-06-11,RETAL,Retail,79.6,83.77,79.11,82.55,4228797
2026-06-12,RETAL,Retail,82.55,82.8,79.4,80.08,1681625
2026-06-15,RETAL,Retail,80.08,82.95,78.88,82.24,4610740
2026-06-16,RETAL,Retail,82.24,84.06,81.61,83.42,5210957
2026-06-17,RETAL,Retail,83.42,83.87,82.75,83.55,2189246
2026-06-18,RETAL,Retail,83.55,84.82,82.73,84.59,1875035
2026-06-19,RETAL,Retail,84.59,85.86,81.32,81.95,3368686
2026-06-22,RETAL,Retail,81.95,86.15,81.21,84.96,2986851
2026-06-23,RETAL,Retail,84.96,90.65,84.16,88.44,4918870
2026-06-24,RETAL,Retail,88.44,90.59,86.91,87.2,4190060
2026-06-25,RETAL,Retail,87.2,87.5,85.21,87.02,3545375
2026-06-26,RETAL,Retail,87.02,90.51,86.09,90.22,3203319
2026-06-29,RETAL,Retail,90.22,91.2,88.97,90.49,4181646
2026-06-30,RETAL,Retail,90.49,90.65,88.98,89.31,2730017
2026-07-01,RETAL,Retail,89.31,93.88,89.02,92.59,4169143
2026-07-02,RETAL,Retail,92.59,94.09,91.5,92.51,3694296
2026-07-03,RETAL,Retail,92.51,93.33,90.57,91.0,2089674
2026-07-06,RETAL,Retail,91.0,92.29,88.75,89.1,2907778
2026-07-07,RETAL,Retail,89.1,89.67,86.75,87.23,2614041
2026-07-08,RETAL,Retail,87.23,88.47,82.46,83.48,2492524
2026-07-09,RETAL,Retail,83.48,84.75,83.2,83.8,2773796
2026-07-10,RETAL,Retail,83.8,85.9,82.49,82.95,2457928
2026-07-13,RETAL,Retail,82.95,84.03,79.73,81.41,2657252
2026-07-14,RETAL,Retail,81.41,84.65,81.21,84.39,6361972
2026-07-15,RETAL,Retail,84.39,85.71,84.1,84.96,2083484
2026-07-16,RETAL,Retail,84.96,88.29,83.76,87.67,5135832
2026-07-17,RETAL,Retail,87.67,88.7,86.75,86.8,2389112
2026-07-20,RETAL,Retail,86.8,88.44,86.62,87.2,3250963
2026-07-21,RETAL,Retail,87.2,88.08,86.32,87.04,1038310
2026-07-22,RETAL,Retail,87.04,89.2,86.56,88.11,2661745
2026-07-23,RETAL,Retail,88.11,88.65,85.5,85.65,3530547
2026-07-24,RETAL,Retail,85.65,90.66,83.75,89.6,4144624
2026-07-27,RETAL,Retail,89.6,89.8,84.51,85.53,3641491
2026-07-28,RETAL,Retail,85.53,85.71,81.54,82.42,4444286
2026-07-29,RETAL,Retail,82.42,85.17,81.69,84.06,4265075
2026-07-30,RETAL,Retail,84.06,85.19,81.08,82.29,3873296
2026-07-31,RETAL,Retail,82.29,83.68,82.29,82.97,4662393
2026-08-03,RETAL,Retail,82.97,84.99,80.53,80.99,3454115
2026-08-04,RETAL,Retail,80.99,81.65,78.76,79.59,1152286
2026-08-05,RETAL,Retail,79.59,81.9,77.76,78.34,4065038
2026-08-06,RETAL,Retail,78.34,80.69,77.56,80.67,4516175
2026-08-07,RETAL,Retail,80.67,82.13,80.5,81.8,2746694
2026-08-10,RETAL,Retail,81.8,83.06,80.99,81.87,2763940
2026-08-11,RETAL,Retail,81.87,82.38,79.81,79.98,3983142
2026-08-12,RETAL,Retail,79.98,82.39,78.64,81.91,4590060
2026-08-13,RETAL,Retail,81.91,83.15,81.59,82.99,4494785
2026-08-14,RETAL,Retail,82.99,87.0,82.94,85.57,4369844
2026-08-17,RETAL,Retail,85.57,89.17,85.23,88.48,3836496
2026-08-18,RETAL,Retail,88.48,91.55,88.23,90.52,1944293
2026-08-19,RETAL,Retail,90.52,92.17,88.83,91.12,1961669
2026-08-20,RETAL,Retail,91.12,93.47,91.08,91.91,3411250
2026-08-21,RETAL,Retail,91.91,96.5,91.31,94.67,3708796
2026-08-24,RETAL,Retail,94.67,96.64,93.71,96.06,3492914
2026-08-25,RETAL,Retail,96.06,101.15,95.45,100.07,2391738
2026-08-26,RETAL,Retail,100.07,101.72,94.77,95.91,3606893
2026-08-27,RETAL,Retail,95.91,101.13,94.12,99.13,3515216
2026-08-28,RETAL,Retail,99.13,99.43,95.46,96.33,4163438
2026-08-31,RETAL,Retail,96.33,98.63,94.56,94.82,2002612
2026-09-01,RETAL,Retail,94.82,96.76,94.24,95.35,3306293
2026-09-02,RETAL,Retail,95.35,95.65,94.08,94.89,2033221
2026-09-03,RETAL,Retail,94.89,98.84,94.49,94.79,2753501
2026-09-04,RETAL,Retail,94.79,95.16,91.15,92.5,3067102
2026-09-07,RETAL,Retail,92.5,92.69,88.86,90.36,2850614
2026-09-08,RETAL,Retail,90.36,93.24,88.24,93.17,1726283
2026-09-09,RETAL,Retail,93.17,94.6,91.29,93.59,3528732
